[
{
   "fields": {
      "model": "logentry",
      "name": "log entry",
      "app_label": "admin"
   },
   "model": "contenttypes.contenttype",
   "pk": 1
},
{
   "fields": {
      "model": "permission",
      "name": "permission",
      "app_label": "auth"
   },
   "model": "contenttypes.contenttype",
   "pk": 2
},
{
   "fields": {
      "model": "group",
      "name": "group",
      "app_label": "auth"
   },
   "model": "contenttypes.contenttype",
   "pk": 3
},
{
   "fields": {
      "model": "user",
      "name": "user",
      "app_label": "auth"
   },
   "model": "contenttypes.contenttype",
   "pk": 4
},
{
   "fields": {
      "model": "contenttype",
      "name": "content type",
      "app_label": "contenttypes"
   },
   "model": "contenttypes.contenttype",
   "pk": 5
},
{
   "fields": {
      "model": "session",
      "name": "session",
      "app_label": "sessions"
   },
   "model": "contenttypes.contenttype",
   "pk": 6
},
{
   "fields": {
      "model": "sequencelisting",
      "name": "sequence listing",
      "app_label": "sequencelistings"
   },
   "model": "contenttypes.contenttype",
   "pk": 7
},
{
   "fields": {
      "model": "title",
      "name": "title",
      "app_label": "sequencelistings"
   },
   "model": "contenttypes.contenttype",
   "pk": 8
},
{
   "fields": {
      "model": "sequence",
      "name": "sequence",
      "app_label": "sequencelistings"
   },
   "model": "contenttypes.contenttype",
   "pk": 9
},
{
   "fields": {
      "model": "feature",
      "name": "feature",
      "app_label": "sequencelistings"
   },
   "model": "contenttypes.contenttype",
   "pk": 10
},
{
   "fields": {
      "model": "qualifier",
      "name": "qualifier",
      "app_label": "sequencelistings"
   },
   "model": "contenttypes.contenttype",
   "pk": 11
},
{
   "fields": {
      "model": "registrationprofile",
      "name": "registration profile",
      "app_label": "registration"
   },
   "model": "contenttypes.contenttype",
   "pk": 12
},
{
   "fields": {
      "expire_date": "2016-02-16T12:30:44.988Z",
      "session_data": "YzIxYmNhODRlZjA0NjQxMTA5MWIzY2I5NjM4MjViYWIyZjkxYjcxYjp7fQ=="
   },
   "model": "sessions.session",
   "pk": "9feel3oap9lpqjrfjzmg97uylq9i89fg"
},
{
   "fields": {
      "expire_date": "2016-02-16T11:53:28.397Z",
      "session_data": "ODYzZmI1YjYwYzVlYTAzYzZiMzVjYzllOTEyMTZjZjA3NTBlMzI3Njp7Il9hdXRoX3VzZXJfaGFzaCI6ImE4OGFhZjQxZjczMGM4NDI3NzM3OThjNTBhMDQ1Y2Q2YTQ5NThkM2EiLCJfYXV0aF91c2VyX2JhY2tlbmQiOiJkamFuZ28uY29udHJpYi5hdXRoLmJhY2tlbmRzLk1vZGVsQmFja2VuZCIsIl9hdXRoX3VzZXJfaWQiOjR9"
   },
   "model": "sessions.session",
   "pk": "9o09rb5kl7qs1oyv9yw48ejwzcyo6nix"
},
{
   "fields": {
      "expire_date": "2016-02-20T13:29:10.784Z",
      "session_data": "YzIxYmNhODRlZjA0NjQxMTA5MWIzY2I5NjM4MjViYWIyZjkxYjcxYjp7fQ=="
   },
   "model": "sessions.session",
   "pk": "cnr1kbffp5h2ardb8abiwmmdqyr3b6ux"
},
{
   "fields": {
      "expire_date": "2016-02-15T22:53:17.538Z",
      "session_data": "YzIxYmNhODRlZjA0NjQxMTA5MWIzY2I5NjM4MjViYWIyZjkxYjcxYjp7fQ=="
   },
   "model": "sessions.session",
   "pk": "dir2jcicof936cc121r2k7lvp664ner2"
},
{
   "fields": {
      "expire_date": "2015-05-20T10:37:00.526Z",
      "session_data": "NTdmMTQzMzU1YmYwOWIwMWMxMTY0MGU0NTIyMGM5OWYxYTIxYjMxNDp7Il9hdXRoX3VzZXJfaGFzaCI6IjM2Y2ZmNDBlNjRkYTdmMWE0NGI5NGY2NGQ0ZTVlOTA2ZWExZjYwZmYiLCJfYXV0aF91c2VyX2JhY2tlbmQiOiJkamFuZ28uY29udHJpYi5hdXRoLmJhY2tlbmRzLk1vZGVsQmFja2VuZCIsIl9hdXRoX3VzZXJfaWQiOiIxIn0="
   },
   "model": "sessions.session",
   "pk": "gu021tc6gc7j8wob2zw6oju4mr29oiz4"
},
{
   "fields": {
      "expire_date": "2016-02-13T20:27:30.186Z",
      "session_data": "YzIxYmNhODRlZjA0NjQxMTA5MWIzY2I5NjM4MjViYWIyZjkxYjcxYjp7fQ=="
   },
   "model": "sessions.session",
   "pk": "i87xeobclfsdei96xqsxw8d6xn9x59qz"
},
{
   "fields": {
      "expire_date": "2016-02-21T16:00:37.181Z",
      "session_data": "NmIwNjIxMjk4MzZmMGVjYzU2ZDE4OTQ1ZTM3NDlkNTg2ZTFlMDllYTp7Il9hdXRoX3VzZXJfaGFzaCI6IjJjY2JlMjc1MjZjMGIzNjI4MWI4ODVkNTcxODUwYzE0NDJjMjA2MzMiLCJfYXV0aF91c2VyX2JhY2tlbmQiOiJkamFuZ28uY29udHJpYi5hdXRoLmJhY2tlbmRzLk1vZGVsQmFja2VuZCIsIl9hdXRoX3VzZXJfaWQiOjV9"
   },
   "model": "sessions.session",
   "pk": "ihbnei594y2f4g3zseuyobswq6zgyh3b"
},
{
   "fields": {
      "expire_date": "2016-03-03T23:23:28.199Z",
      "session_data": "NmIwNjIxMjk4MzZmMGVjYzU2ZDE4OTQ1ZTM3NDlkNTg2ZTFlMDllYTp7Il9hdXRoX3VzZXJfaGFzaCI6IjJjY2JlMjc1MjZjMGIzNjI4MWI4ODVkNTcxODUwYzE0NDJjMjA2MzMiLCJfYXV0aF91c2VyX2JhY2tlbmQiOiJkamFuZ28uY29udHJpYi5hdXRoLmJhY2tlbmRzLk1vZGVsQmFja2VuZCIsIl9hdXRoX3VzZXJfaWQiOjV9"
   },
   "model": "sessions.session",
   "pk": "iytiap8iaxqor6pxk60h2hxfe74394vf"
},
{
   "fields": {
      "expire_date": "2015-05-12T19:59:39.504Z",
      "session_data": "NmQ1NTQ5NDhhYTU1ZTdhMjIxNDQzYzRkOTA0NzJlYTgxMjNiYjVjMjp7Il9hdXRoX3VzZXJfYmFja2VuZCI6ImRqYW5nby5jb250cmliLmF1dGguYmFja2VuZHMuTW9kZWxCYWNrZW5kIiwiX2F1dGhfdXNlcl9pZCI6MX0="
   },
   "model": "sessions.session",
   "pk": "oawhwqjfc3qnw8naaqv9r4w432nvyt36"
},
{
   "fields": {
      "expire_date": "2016-02-19T09:36:33.226Z",
      "session_data": "NmIwNjIxMjk4MzZmMGVjYzU2ZDE4OTQ1ZTM3NDlkNTg2ZTFlMDllYTp7Il9hdXRoX3VzZXJfaGFzaCI6IjJjY2JlMjc1MjZjMGIzNjI4MWI4ODVkNTcxODUwYzE0NDJjMjA2MzMiLCJfYXV0aF91c2VyX2JhY2tlbmQiOiJkamFuZ28uY29udHJpYi5hdXRoLmJhY2tlbmRzLk1vZGVsQmFja2VuZCIsIl9hdXRoX3VzZXJfaWQiOjV9"
   },
   "model": "sessions.session",
   "pk": "pshw0tws49c669po0cbapp4ybuslmbt8"
},
{
   "fields": {
      "expire_date": "2016-02-16T08:05:47.134Z",
      "session_data": "YzIxYmNhODRlZjA0NjQxMTA5MWIzY2I5NjM4MjViYWIyZjkxYjcxYjp7fQ=="
   },
   "model": "sessions.session",
   "pk": "vhdyh64itzwd6iz3th5zw4menuo0rv5f"
},
{
   "fields": {
      "expire_date": "2016-02-13T20:33:28.254Z",
      "session_data": "YzIxYmNhODRlZjA0NjQxMTA5MWIzY2I5NjM4MjViYWIyZjkxYjcxYjp7fQ=="
   },
   "model": "sessions.session",
   "pk": "wrjmfcwfiprheozoghh6m5bnlp1s5ffq"
},
{
   "fields": {
      "expire_date": "2016-02-16T17:03:55.930Z",
      "session_data": "YzIxYmNhODRlZjA0NjQxMTA5MWIzY2I5NjM4MjViYWIyZjkxYjcxYjp7fQ=="
   },
   "model": "sessions.session",
   "pk": "xcn3618ehd1ntrm310ufrjspqpf7ytdl"
},
{
   "fields": {
      "earliestPriorityFilingDate": "2015-04-28",
      "applicantNameLanguageCode": "EN",
      "filingDate": "2015-04-28",
      "earliestPriorityIPOfficeCode": "US",
      "IPOfficeCode": "EP",
      "applicantNameLatin": "same",
      "softwareVersion": "0.1",
      "softwareName": "prototype",
      "fileName": "test1",
      "earliestPriorityApplicationNumberText": "998877",
      "applicationNumberText": "2015123456",
      "dtdVersion": "V1_0",
      "inventorNameLanguageCode": "FR",
      "inventorName": "Mary Dupont",
      "inventorNameLatin": "Mary Dupont",
      "applicantFileReference": "123",
      "applicantName": "John Smith",
      "productionDate": "2015-05-05",
      "sequenceTotalQuantity": 2
   },
   "model": "sequencelistings.sequencelisting",
   "pk": 1
},
{
   "fields": {
      "earliestPriorityFilingDate": "2015-04-28",
      "applicantNameLanguageCode": "EN",
      "filingDate": "2015-04-28",
      "earliestPriorityIPOfficeCode": "GB",
      "IPOfficeCode": "DE",
      "applicantNameLatin": "the same",
      "softwareVersion": "0.1",
      "softwareName": "prototype",
      "fileName": "test2",
      "earliestPriorityApplicationNumberText": "2233445",
      "applicationNumberText": "2014888888",
      "dtdVersion": "V1_0",
      "inventorNameLanguageCode": "FR",
      "inventorName": "Mary Dorio",
      "inventorNameLatin": "Mary Dorio",
      "applicantFileReference": "456",
      "applicantName": "Richard Gore",
      "productionDate": "2016-02-03",
      "sequenceTotalQuantity": 4
   },
   "model": "sequencelistings.sequencelisting",
   "pk": 2
},
{
   "fields": {
      "earliestPriorityFilingDate": "2015-04-27",
      "applicantNameLanguageCode": "j",
      "filingDate": "2015-04-27",
      "earliestPriorityIPOfficeCode": "g",
      "IPOfficeCode": "e",
      "applicantNameLatin": "k",
      "softwareVersion": "0.1",
      "softwareName": "prototype",
      "fileName": "c",
      "earliestPriorityApplicationNumberText": "h",
      "applicationNumberText": "f",
      "dtdVersion": "1",
      "inventorNameLanguageCode": "m",
      "inventorName": "l",
      "inventorNameLatin": "n",
      "applicantFileReference": "d",
      "applicantName": "i",
      "productionDate": "2015-04-28",
      "sequenceTotalQuantity": 20
   },
   "model": "sequencelistings.sequencelisting",
   "pk": 3
},
{
   "fields": {
      "earliestPriorityFilingDate": "2014-07-09",
      "applicantNameLanguageCode": "EN",
      "filingDate": "2015-01-04",
      "earliestPriorityIPOfficeCode": "IB",
      "IPOfficeCode": "US",
      "applicantNameLatin": "GENOS Co., Inc.",
      "softwareVersion": "0.1",
      "softwareName": "prototype",
      "fileName": "Invention_SEQL",
      "earliestPriorityApplicationNumberText": "PCT/IB2014/099999",
      "applicationNumberText": "14/999,999",
      "dtdVersion": "1",
      "inventorNameLanguageCode": "EN",
      "inventorName": "Keiko Nakamura",
      "inventorNameLatin": "Keiko Nakamura",
      "applicantFileReference": "AB123",
      "applicantName": "GENOS Co., Inc.",
      "productionDate": "2016-02-03",
      "sequenceTotalQuantity": 44
   },
   "model": "sequencelistings.sequencelisting",
   "pk": 4
},
{
   "fields": {
      "earliestPriorityFilingDate": "2015-01-29",
      "applicantNameLanguageCode": "EN",
      "filingDate": "2016-01-29",
      "earliestPriorityIPOfficeCode": "US",
      "IPOfficeCode": "EP",
      "applicantNameLatin": "applicant1",
      "softwareVersion": "0.1",
      "softwareName": "ST26 authoring tool prototype",
      "fileName": "file1",
      "earliestPriorityApplicationNumberText": "12121212",
      "applicationNumberText": "1511223344.5",
      "dtdVersion": "1.0",
      "inventorNameLanguageCode": "EN",
      "inventorName": "inventor1",
      "inventorNameLatin": "inventor1",
      "applicantFileReference": "EP123",
      "applicantName": "applicant1",
      "productionDate": "2016-02-03",
      "sequenceTotalQuantity": 2
   },
   "model": "sequencelistings.sequencelisting",
   "pk": 9
},
{
   "fields": {
      "earliestPriorityFilingDate": "2013-12-29",
      "applicantNameLanguageCode": "EN",
      "filingDate": "2014-08-03",
      "earliestPriorityIPOfficeCode": "JP",
      "IPOfficeCode": "EP",
      "applicantNameLatin": "applicant2",
      "softwareVersion": "0.1",
      "softwareName": "ST26 authoring tool prototype",
      "fileName": "file2",
      "earliestPriorityApplicationNumberText": "54545454",
      "applicationNumberText": "1299887766.5",
      "dtdVersion": "1.0",
      "inventorNameLanguageCode": "EN",
      "inventorName": "inventor2",
      "inventorNameLatin": "inventor2",
      "applicantFileReference": "WO123",
      "applicantName": "applicant2",
      "productionDate": "2016-02-02",
      "sequenceTotalQuantity": 2
   },
   "model": "sequencelistings.sequencelisting",
   "pk": 10
},
{
   "fields": {
      "earliestPriorityFilingDate": "2014-01-01",
      "applicantNameLanguageCode": "sd",
      "filingDate": "2015-01-01",
      "earliestPriorityIPOfficeCode": "EP",
      "IPOfficeCode": "EP",
      "applicantNameLatin": "sdfd",
      "softwareVersion": "0.1",
      "softwareName": "prototype",
      "fileName": "Berthold1",
      "earliestPriorityApplicationNumberText": "ep552668",
      "applicationNumberText": "sdf",
      "dtdVersion": "1",
      "inventorNameLanguageCode": "sd",
      "inventorName": "sdfsd",
      "inventorNameLatin": "sdf",
      "applicantFileReference": "xxx",
      "applicantName": "sdf",
      "productionDate": "2016-02-03",
      "sequenceTotalQuantity": 1
   },
   "model": "sequencelistings.sequencelisting",
   "pk": 11
},
{
   "fields": {
      "sequenceListing": 1,
      "inventionTitle": "An invention 1",
      "inventionTitleLanguageCode": "EN"
   },
   "model": "sequencelistings.title",
   "pk": 1
},
{
   "fields": {
      "sequenceListing": 1,
      "inventionTitle": "Une invention 1",
      "inventionTitleLanguageCode": "FR"
   },
   "model": "sequencelistings.title",
   "pk": 2
},
{
   "fields": {
      "sequenceListing": 2,
      "inventionTitle": "An invention 2",
      "inventionTitleLanguageCode": "EN"
   },
   "model": "sequencelistings.title",
   "pk": 3
},
{
   "fields": {
      "sequenceListing": 3,
      "inventionTitle": "Invention 3",
      "inventionTitleLanguageCode": "EN"
   },
   "model": "sequencelistings.title",
   "pk": 4
},
{
   "fields": {
      "sequenceListing": 3,
      "inventionTitle": "Titre supplementaire",
      "inventionTitleLanguageCode": "FR"
   },
   "model": "sequencelistings.title",
   "pk": 5
},
{
   "fields": {
      "sequenceListing": 4,
      "inventionTitle": "Mus musculus abcd-1 gene for efg protein",
      "inventionTitleLanguageCode": "EN"
   },
   "model": "sequencelistings.title",
   "pk": 6
},
{
   "fields": {
      "sequenceListing": 1,
      "inventionTitle": "xxx",
      "inventionTitleLanguageCode": "FR"
   },
   "model": "sequencelistings.title",
   "pk": 7
},
{
   "fields": {
      "sequenceListing": 1,
      "inventionTitle": "abc",
      "inventionTitleLanguageCode": "RO"
   },
   "model": "sequencelistings.title",
   "pk": 8
},
{
   "fields": {
      "sequenceListing": 1,
      "inventionTitle": "cr\u00e9ation ",
      "inventionTitleLanguageCode": "FR"
   },
   "model": "sequencelistings.title",
   "pk": 9
},
{
   "fields": {
      "sequenceListing": 1,
      "inventionTitle": "efg\u30bf\u30f3\u30d1\u30af\u8cea\u306e\u305f\u3081\u306e\u30de\u30a6\u30b9abcd-1\u907a\u4f1d\u5b50",
      "inventionTitleLanguageCode": "JA"
   },
   "model": "sequencelistings.title",
   "pk": 10
},
{
   "fields": {
      "sequenceListing": 4,
      "inventionTitle": "efg\u30bf\u30f3\u30d1\u30af\u8cea\u306e\u305f\u3081\u306e\u30de\u30a6\u30b9abcd-1\u907a\u4f1d\u5b50",
      "inventionTitleLanguageCode": "JA"
   },
   "model": "sequencelistings.title",
   "pk": 11
},
{
   "fields": {
      "sequenceListing": 4,
      "inventionTitle": "G\u00e8ne abcd-1 de Mus musculus pour prot\u00e9ine efg",
      "inventionTitleLanguageCode": "FR"
   },
   "model": "sequencelistings.title",
   "pk": 12
},
{
   "fields": {
      "sequenceListing": 9,
      "inventionTitle": "title1",
      "inventionTitleLanguageCode": "EN"
   },
   "model": "sequencelistings.title",
   "pk": 15
},
{
   "fields": {
      "sequenceListing": 9,
      "inventionTitle": "title2",
      "inventionTitleLanguageCode": "FR"
   },
   "model": "sequencelistings.title",
   "pk": 16
},
{
   "fields": {
      "sequenceListing": 10,
      "inventionTitle": "title3",
      "inventionTitleLanguageCode": "EN"
   },
   "model": "sequencelistings.title",
   "pk": 17
},
{
   "fields": {
      "sequenceListing": 10,
      "inventionTitle": "title4",
      "inventionTitleLanguageCode": "JP"
   },
   "model": "sequencelistings.title",
   "pk": 18
},
{
   "fields": {
      "sequenceListing": 11,
      "inventionTitle": "Test_Berthold",
      "inventionTitleLanguageCode": "EN"
   },
   "model": "sequencelistings.title",
   "pk": 19
},
{
   "fields": {
      "sequenceIdNo": 1,
      "division": "PAT",
      "length": 420,
      "residues": "atgaattagaaattcttcatactttcattaatgcttgcattagcggcaagccagacatacagtctaacatcatgcacatgtgcataattgttatcagaaggtgattgtacaaaaaatgcttcacttggatgttcatgggatagcacaaagaaggcatgtgcagtttcaacaacacctgtcactccagtaatgacttatgcagcttattgtgatacttttgcagaaactgattgtccaaaggcaaagccatgtaccgattgtggtagttatgctgcttgtgcttgggttgatagcaaatgtacatacttcacaggatgtacagcttttgccaaaacaacagactctgattgttaggcaattagcaatagatgtattacagatggaactcattgcgttgaagttgacgcatgtaatacatat",
      "sequenceListing": 1,
      "moltype": "DNA",
      "otherSeqId": "-"
   },
   "model": "sequencelistings.sequence",
   "pk": 1
},
{
   "fields": {
      "sequenceIdNo": 2,
      "division": "PAT",
      "length": 624,
      "residues": "MSSRKSQYNFIQTNDSKPSNNIYQSQSSEPTTRNKKTKKLDQVETYIQIFETYLKLLIGQEIGLEEEERLNGYQNFDCSDNNNTLDLEQPEAIISLYNPDFVQDDYEFQLNQLEIFEQIIQSLSIDEQSNKEKLFLKAIEYVFLQLLDHKSYSVYDIRTRRLETQTNEQRNALYQLGSAQDLFHNSEQSPKSSYLMENNFQNKFQTQDYQKEEQNNIIQKLVTQFRQQLMGNIMANLGNINNISEYFQVDYQKLQYIQKKAYSQGEYLRQSGKFWHRTQKVTSDILTLIRNILIVQFTRRGFQVQQKISQDGEKIFLLLYMSEKMLETAAENCQLPKKISYCFTDLLSLEPVDRQYRPLRLNGRLWRPQDYQISPYLKYLRPLITEQIQQINFKKVAREVGQTGINIELFQYGKSDIHGDQDGPSDEEWTAYYKYLVHLNNHINLCRKEFQLKSDIALIIDKQKTVEQLVAIRTHSKHKNFDEFNEEEQKHYRDLNEEVQQLIIQSNSLVISSKLPQIKKIKLYLQQQLAHNYLTIFNESLKVANCTNHQLKTVWERYNITPFDLYVPFQINKKDSSTKNIERYQLRWCRYIKNEKNHITLFPSNERLKLAYSVLQSCVSLDTL",
      "sequenceListing": 1,
      "moltype": "AA",
      "otherSeqId": "-"
   },
   "model": "sequencelistings.sequence",
   "pk": 2
},
{
   "fields": {
      "sequenceIdNo": 1,
      "division": "PAT",
      "length": 180,
      "residues": "atgacttgcattagcggcaagccagacatacagtctaacatcatgcacatgtgcataattgttatcagaaggtgattgtacaaaaaatgcttcacttggatgttcatgggatagcacaaagaaggcatgtgcagtttcaacaacacctattgcgttgaagttgacgcatgtaatacatat",
      "sequenceListing": 2,
      "moltype": "DNA",
      "otherSeqId": "-"
   },
   "model": "sequencelistings.sequence",
   "pk": 3
},
{
   "fields": {
      "sequenceIdNo": 2,
      "division": "PAT",
      "length": 106,
      "residues": "MSSRKSQYNFIQTNDSKPSNNIYQSQSSEPTTRNKKTKKLDQVETYIQIFETYLKLLIGQEIGLEEEERLNGYQNFDCSDNNNTLDLEQPEAIISLYNPDFVLDTL",
      "sequenceListing": 2,
      "moltype": "AA",
      "otherSeqId": "-"
   },
   "model": "sequencelistings.sequence",
   "pk": 4
},
{
   "fields": {
      "sequenceIdNo": 3,
      "division": "PAT",
      "length": 210,
      "residues": "acacuuccaugcaccauuucuauaguuucuuaccagagaaguuucucugaacauguggagcaccggaaaccacgaggaggcggcucagcauucacuccugagcaugaagcuggcucuugguggugcuucucugcaauugccuuuugcugcugaugaucacucuucucuuccuuugggagagugaaagggaaaggaagccaucugaagggu",
      "sequenceListing": 2,
      "moltype": "RNA",
      "otherSeqId": "-"
   },
   "model": "sequencelistings.sequence",
   "pk": 5
},
{
   "fields": {
      "sequenceIdNo": 4,
      "division": "PAT",
      "length": 8,
      "residues": "NARTSARE",
      "sequenceListing": 2,
      "moltype": "AA",
      "otherSeqId": "-"
   },
   "model": "sequencelistings.sequence",
   "pk": 6
},
{
   "fields": {
      "sequenceIdNo": 1,
      "division": "PAT",
      "length": 4,
      "residues": "GGGG",
      "sequenceListing": 4,
      "moltype": "AA",
      "otherSeqId": "-"
   },
   "model": "sequencelistings.sequence",
   "pk": 7
},
{
   "fields": {
      "sequenceIdNo": 2,
      "division": "PAT",
      "length": 4,
      "residues": "GGGG",
      "sequenceListing": 4,
      "moltype": "AA",
      "otherSeqId": "-"
   },
   "model": "sequencelistings.sequence",
   "pk": 8
},
{
   "fields": {
      "sequenceIdNo": 3,
      "division": "PAT",
      "length": 4,
      "residues": "GGGD",
      "sequenceListing": 4,
      "moltype": "AA",
      "otherSeqId": "-"
   },
   "model": "sequencelistings.sequence",
   "pk": 9
},
{
   "fields": {
      "sequenceIdNo": 4,
      "division": "PAT",
      "length": 4,
      "residues": "GGGS",
      "sequenceListing": 4,
      "moltype": "AA",
      "otherSeqId": "-"
   },
   "model": "sequencelistings.sequence",
   "pk": 10
},
{
   "fields": {
      "sequenceIdNo": 5,
      "division": "PAT",
      "length": 4,
      "residues": "GGGG",
      "sequenceListing": 4,
      "moltype": "AA",
      "otherSeqId": "-"
   },
   "model": "sequencelistings.sequence",
   "pk": 11
},
{
   "fields": {
      "sequenceIdNo": 6,
      "division": "PAT",
      "length": 4,
      "residues": "GGGB",
      "sequenceListing": 4,
      "moltype": "AA",
      "otherSeqId": "-"
   },
   "model": "sequencelistings.sequence",
   "pk": 12
},
{
   "fields": {
      "sequenceIdNo": 7,
      "division": "PAT",
      "length": 4,
      "residues": "GGGD",
      "sequenceListing": 4,
      "moltype": "AA",
      "otherSeqId": "-"
   },
   "model": "sequencelistings.sequence",
   "pk": 13
},
{
   "fields": {
      "sequenceIdNo": 8,
      "division": "PAT",
      "length": 4,
      "residues": "GGGN",
      "sequenceListing": 4,
      "moltype": "AA",
      "otherSeqId": "-"
   },
   "model": "sequencelistings.sequence",
   "pk": 14
},
{
   "fields": {
      "sequenceIdNo": 9,
      "division": "PAT",
      "length": 4,
      "residues": "GGGJ",
      "sequenceListing": 4,
      "moltype": "AA",
      "otherSeqId": "-"
   },
   "model": "sequencelistings.sequence",
   "pk": 15
},
{
   "fields": {
      "sequenceIdNo": 10,
      "division": "PAT",
      "length": 4,
      "residues": "GGGI",
      "sequenceListing": 4,
      "moltype": "AA",
      "otherSeqId": "-"
   },
   "model": "sequencelistings.sequence",
   "pk": 16
},
{
   "fields": {
      "sequenceIdNo": 11,
      "division": "PAT",
      "length": 4,
      "residues": "GGGL",
      "sequenceListing": 4,
      "moltype": "AA",
      "otherSeqId": "-"
   },
   "model": "sequencelistings.sequence",
   "pk": 17
},
{
   "fields": {
      "sequenceIdNo": 12,
      "division": "PAT",
      "length": 6,
      "residues": "GGGGXX",
      "sequenceListing": 4,
      "moltype": "AA",
      "otherSeqId": "-"
   },
   "model": "sequencelistings.sequence",
   "pk": 18
},
{
   "fields": {
      "sequenceIdNo": 13,
      "division": "PAT",
      "length": 106,
      "residues": "LLXXXXXXXXXXXXXXXXXXXXXXXXXXXXXXXXXXXXXXXXXXXXXXXXXXXXXXXXXXXXXXXXXXXXXXXXXXXXXXXXXXXXXXXXXXXXXXXXXXXXKYMR",
      "sequenceListing": 4,
      "moltype": "AA",
      "otherSeqId": "-"
   },
   "model": "sequencelistings.sequence",
   "pk": 19
},
{
   "fields": {
      "sequenceIdNo": 14,
      "division": "PAT",
      "length": 8,
      "residues": "GGGXGGGX",
      "sequenceListing": 4,
      "moltype": "AA",
      "otherSeqId": "-"
   },
   "model": "sequencelistings.sequence",
   "pk": 20
},
{
   "fields": {
      "sequenceIdNo": 1,
      "division": "PAT",
      "length": 17,
      "residues": "agtcacactttcattca",
      "sequenceListing": 9,
      "moltype": "DNA",
      "otherSeqId": "-"
   },
   "model": "sequencelistings.sequence",
   "pk": 21
},
{
   "fields": {
      "sequenceIdNo": 2,
      "division": "PAT",
      "length": 10,
      "residues": "MTGGRASERT",
      "sequenceListing": 9,
      "moltype": "AA",
      "otherSeqId": "-"
   },
   "model": "sequencelistings.sequence",
   "pk": 22
},
{
   "fields": {
      "sequenceIdNo": 1,
      "division": "PAT",
      "length": 30,
      "residues": "agtcncttagggacccaacactttcattca",
      "sequenceListing": 10,
      "moltype": "DNA",
      "otherSeqId": "-"
   },
   "model": "sequencelistings.sequence",
   "pk": 23
},
{
   "fields": {
      "sequenceIdNo": 2,
      "division": "PAT",
      "length": 5,
      "residues": "MTERT",
      "sequenceListing": 10,
      "moltype": "AA",
      "otherSeqId": "-"
   },
   "model": "sequencelistings.sequence",
   "pk": 24
},
{
   "fields": {
      "sequenceIdNo": 1,
      "division": "PAT",
      "length": 11,
      "residues": "gratarecase",
      "sequenceListing": 11,
      "moltype": "AA",
      "otherSeqId": "-"
   },
   "model": "sequencelistings.sequence",
   "pk": 25
},
{
   "fields": {
      "sequenceIdNo": 20,
      "division": "PAT",
      "length": 4,
      "residues": "LLKK",
      "sequenceListing": 4,
      "moltype": "AA",
      "otherSeqId": "-"
   },
   "model": "sequencelistings.sequence",
   "pk": 26
},
{
   "fields": {
      "sequenceIdNo": 21,
      "division": "PAT",
      "length": 6,
      "residues": "IPACTA",
      "sequenceListing": 4,
      "moltype": "AA",
      "otherSeqId": "-"
   },
   "model": "sequencelistings.sequence",
   "pk": 27
},
{
   "fields": {
      "sequenceIdNo": 22,
      "division": "PAT",
      "length": 6,
      "residues": "FRAGGK",
      "sequenceListing": 4,
      "moltype": "AA",
      "otherSeqId": "-"
   },
   "model": "sequencelistings.sequence",
   "pk": 28
},
{
   "fields": {
      "sequenceIdNo": 23,
      "division": "PAT",
      "length": 5,
      "residues": "HQYFA",
      "sequenceListing": 4,
      "moltype": "AA",
      "otherSeqId": "-"
   },
   "model": "sequencelistings.sequence",
   "pk": 29
},
{
   "fields": {
      "sequenceIdNo": 24,
      "division": "PAT",
      "length": 8,
      "residues": "ATFGKKKA",
      "sequenceListing": 4,
      "moltype": "AA",
      "otherSeqId": "-"
   },
   "model": "sequencelistings.sequence",
   "pk": 30
},
{
   "fields": {
      "sequenceIdNo": 25,
      "division": "PAT",
      "length": 8,
      "residues": "DGSAKKKK",
      "sequenceListing": 4,
      "moltype": "AA",
      "otherSeqId": "-"
   },
   "model": "sequencelistings.sequence",
   "pk": 31
},
{
   "fields": {
      "sequenceIdNo": 26,
      "division": "PAT",
      "length": 5,
      "residues": "AASHG",
      "sequenceListing": 4,
      "moltype": "AA",
      "otherSeqId": "-"
   },
   "model": "sequencelistings.sequence",
   "pk": 32
},
{
   "fields": {
      "sequenceIdNo": 27,
      "division": "PAT",
      "length": 400,
      "residues": "GGGXGGGXGGGXGGGXGGGXGGGXGGGXGGGXGGGXGGGXGGGXGGGXGGGXGGGXGGGXGGGXGGGXGGGXGGGXGGGXGGGXGGGXGGGXGGGXGGGXGGGXGGGXGGGXGGGXGGGXGGGXGGGXGGGXGGGXGGGXGGGXGGGXGGGXGGGXGGGXGGGXGGGXGGGXGGGXGGGXGGGXGGGXGGGXGGGXGGGXGGGXGGGXGGGXGGGXGGGXGGGXGGGXGGGXGGGXGGGXGGGXGGGXGGGXGGGXGGGXGGGXGGGXGGGXGGGXGGGXGGGXGGGXGGGXGGGXGGGXGGGXGGGXGGGXGGGXGGGXGGGXGGGXGGGXGGGXGGGXGGGXGGGXGGGXGGGXGGGXGGGXGGGXGGGXGGGXGGGXGGGXGGGXGGGXGGGXGGGX",
      "sequenceListing": 4,
      "moltype": "AA",
      "otherSeqId": "-"
   },
   "model": "sequencelistings.sequence",
   "pk": 33
},
{
   "fields": {
      "sequenceIdNo": 28,
      "division": "PAT",
      "length": 52,
      "residues": "KXXKXXXXXXXXXXXXXXXXXXXXKXXXKXXXXXXXXXXXXXXXXXXXKXXK",
      "sequenceListing": 4,
      "moltype": "AA",
      "otherSeqId": "-"
   },
   "model": "sequencelistings.sequence",
   "pk": 34
},
{
   "fields": {
      "sequenceIdNo": 29,
      "division": "PAT",
      "length": 53,
      "residues": "KXXKXXXXXXXXXXXXXXXXXXXXKXXXKXXXXXXXXXXXXXXXXXXXXKXXK",
      "sequenceListing": 4,
      "moltype": "AA",
      "otherSeqId": "-"
   },
   "model": "sequencelistings.sequence",
   "pk": 35
},
{
   "fields": {
      "sequenceIdNo": 30,
      "division": "PAT",
      "length": 74,
      "residues": "XXXXXXXXDXXXXXXXXXXFXXXXXXXXXXXXXXXXXXXXXXXXXXXXAXXXXXXXXXXXXXXXXXXXGXXXXX",
      "sequenceListing": 4,
      "moltype": "AA",
      "otherSeqId": "-"
   },
   "model": "sequencelistings.sequence",
   "pk": 36
},
{
   "fields": {
      "sequenceIdNo": 31,
      "division": "PAT",
      "length": 10,
      "residues": "gagktgkggk",
      "sequenceListing": 4,
      "moltype": "DNA",
      "otherSeqId": "-"
   },
   "model": "sequencelistings.sequence",
   "pk": 37
},
{
   "fields": {
      "sequenceIdNo": 32,
      "division": "PAT",
      "length": 10,
      "residues": "aatgccggag",
      "sequenceListing": 4,
      "moltype": "DNA",
      "otherSeqId": "-"
   },
   "model": "sequencelistings.sequence",
   "pk": 38
},
{
   "fields": {
      "sequenceIdNo": 33,
      "division": "PAT",
      "length": 10,
      "residues": "aatgccggak",
      "sequenceListing": 4,
      "moltype": "DNA",
      "otherSeqId": "-"
   },
   "model": "sequencelistings.sequence",
   "pk": 39
},
{
   "fields": {
      "sequenceIdNo": 34,
      "division": "PAT",
      "length": 10,
      "residues": "aatgccggag",
      "sequenceListing": 4,
      "moltype": "DNA",
      "otherSeqId": "-"
   },
   "model": "sequencelistings.sequence",
   "pk": 40
},
{
   "fields": {
      "sequenceIdNo": 35,
      "division": "PAT",
      "length": 10,
      "residues": "aatgccggat",
      "sequenceListing": 4,
      "moltype": "DNA",
      "otherSeqId": "-"
   },
   "model": "sequencelistings.sequence",
   "pk": 41
},
{
   "fields": {
      "sequenceIdNo": 36,
      "division": "PAT",
      "length": 10,
      "residues": "aatgccggac",
      "sequenceListing": 4,
      "moltype": "DNA",
      "otherSeqId": "-"
   },
   "model": "sequencelistings.sequence",
   "pk": 42
},
{
   "fields": {
      "sequenceIdNo": 37,
      "division": "PAT",
      "length": 22,
      "residues": "acacacacacacacacacacac",
      "sequenceListing": 4,
      "moltype": "DNA",
      "otherSeqId": "-"
   },
   "model": "sequencelistings.sequence",
   "pk": 43
},
{
   "fields": {
      "sequenceIdNo": 38,
      "division": "PAT",
      "length": 22,
      "residues": "acattgaatctcataccacttt",
      "sequenceListing": 4,
      "moltype": "DNA",
      "otherSeqId": "-"
   },
   "model": "sequencelistings.sequence",
   "pk": 44
},
{
   "fields": {
      "sequenceIdNo": 39,
      "division": "PAT",
      "length": 22,
      "residues": "acattggatctcatacgacttt",
      "sequenceListing": 4,
      "moltype": "DNA",
      "otherSeqId": "-"
   },
   "model": "sequencelistings.sequence",
   "pk": 45
},
{
   "fields": {
      "sequenceIdNo": 40,
      "division": "PAT",
      "length": 22,
      "residues": "gtatggcgtcgtatsgtagttt",
      "sequenceListing": 4,
      "moltype": "DNA",
      "otherSeqId": "-"
   },
   "model": "sequencelistings.sequence",
   "pk": 46
},
{
   "fields": {
      "sequenceIdNo": 41,
      "division": "PAT",
      "length": 76,
      "residues": "ttnnnnnnnagnnnnnnnnnnnnnnnnnntnnnnnncccnnnnnnnnncgnnnnnnnnnnnnngnnnnnnnnnnnn",
      "sequenceListing": 4,
      "moltype": "DNA",
      "otherSeqId": "-"
   },
   "model": "sequencelistings.sequence",
   "pk": 47
},
{
   "fields": {
      "sequenceIdNo": 42,
      "division": "PAT",
      "length": 85,
      "residues": "ggagacaucgcuugagcauuaagcgagaagccgauucuucgccgaagaaugacagccgccugccacuucgaaggcugucuccgca",
      "sequenceListing": 4,
      "moltype": "RNA",
      "otherSeqId": "-"
   },
   "model": "sequencelistings.sequence",
   "pk": 48
},
{
   "fields": {
      "sequenceIdNo": 42,
      "division": "PAT",
      "length": 4,
      "residues": "VAFW",
      "sequenceListing": 4,
      "moltype": "AA",
      "otherSeqId": "-"
   },
   "model": "sequencelistings.sequence",
   "pk": 49
},
{
   "fields": {
      "sequenceIdNo": 43,
      "division": "PAT",
      "length": 28,
      "residues": "cacataggcatctcctagtgcaggaaga",
      "sequenceListing": 4,
      "moltype": "DNA",
      "otherSeqId": "-"
   },
   "model": "sequencelistings.sequence",
   "pk": 50
},
{
   "fields": {
      "sequenceIdNo": 44,
      "division": "PAT",
      "length": 31,
      "residues": "cacacaaaaaaaaaaaaaaaaaaaaaaaaaa",
      "sequenceListing": 4,
      "moltype": "DNA",
      "otherSeqId": "-"
   },
   "model": "sequencelistings.sequence",
   "pk": 51
},
{
   "fields": {
      "sequenceIdNo": 1,
      "division": "PAT",
      "length": 4,
      "residues": "MART",
      "sequenceListing": 3,
      "moltype": "AA",
      "otherSeqId": "-"
   },
   "model": "sequencelistings.sequence",
   "pk": 52
},
{
   "fields": {
      "sequenceIdNo": 2,
      "division": "PAT",
      "length": 8,
      "residues": "MXVVREXv",
      "sequenceListing": 3,
      "moltype": "AA",
      "otherSeqId": "-"
   },
   "model": "sequencelistings.sequence",
   "pk": 53
},
{
   "fields": {
      "sequenceIdNo": 3,
      "division": "PAT",
      "length": 8,
      "residues": "MTRRRFDv",
      "sequenceListing": 3,
      "moltype": "AA",
      "otherSeqId": "-"
   },
   "model": "sequencelistings.sequence",
   "pk": 54
},
{
   "fields": {
      "sequenceIdNo": 4,
      "division": "PAT",
      "length": 4,
      "residues": "CFTR",
      "sequenceListing": 3,
      "moltype": "AA",
      "otherSeqId": "-"
   },
   "model": "sequencelistings.sequence",
   "pk": 55
},
{
   "fields": {
      "sequenceIdNo": 5,
      "division": "PAT",
      "length": 18,
      "residues": "cttaaaaaaaaaaccttt",
      "sequenceListing": 3,
      "moltype": "DNA",
      "otherSeqId": "-"
   },
   "model": "sequencelistings.sequence",
   "pk": 56
},
{
   "fields": {
      "sequenceIdNo": 6,
      "division": "PAT",
      "length": 21,
      "residues": "cttaaaaangtaaaaaccttt",
      "sequenceListing": 3,
      "moltype": "DNA",
      "otherSeqId": "-"
   },
   "model": "sequencelistings.sequence",
   "pk": 57
},
{
   "fields": {
      "sequenceIdNo": 7,
      "division": "PAT",
      "length": 10,
      "residues": "actttttatn",
      "sequenceListing": 3,
      "moltype": "DNA",
      "otherSeqId": "-"
   },
   "model": "sequencelistings.sequence",
   "pk": 58
},
{
   "fields": {
      "sequenceIdNo": 8,
      "division": "PAT",
      "length": 5,
      "residues": "MRTVC",
      "sequenceListing": 3,
      "moltype": "AA",
      "otherSeqId": "-"
   },
   "model": "sequencelistings.sequence",
   "pk": 59
},
{
   "fields": {
      "sequenceIdNo": 9,
      "division": "PAT",
      "length": 15,
      "residues": "ctaggattaaattag",
      "sequenceListing": 3,
      "moltype": "DNA",
      "otherSeqId": "-"
   },
   "model": "sequencelistings.sequence",
   "pk": 60
},
{
   "fields": {
      "sequenceIdNo": 10,
      "division": "PAT",
      "length": 6,
      "residues": "MTRAAC",
      "sequenceListing": 3,
      "moltype": "AA",
      "otherSeqId": "-"
   },
   "model": "sequencelistings.sequence",
   "pk": 61
},
{
   "fields": {
      "sequenceIdNo": 11,
      "division": "PAT",
      "length": 16,
      "residues": "tcgcggggccccccct",
      "sequenceListing": 3,
      "moltype": "DNA",
      "otherSeqId": "-"
   },
   "model": "sequencelistings.sequence",
   "pk": 62
},
{
   "fields": {
      "sequenceIdNo": 12,
      "division": "PAT",
      "length": 5,
      "residues": "MTTCR",
      "sequenceListing": 3,
      "moltype": "AA",
      "otherSeqId": "-"
   },
   "model": "sequencelistings.sequence",
   "pk": 63
},
{
   "fields": {
      "sequenceIdNo": 13,
      "division": "PAT",
      "length": 16,
      "residues": "cgttaaattcatacna",
      "sequenceListing": 3,
      "moltype": "DNA",
      "otherSeqId": "-"
   },
   "model": "sequencelistings.sequence",
   "pk": 64
},
{
   "fields": {
      "sequenceIdNo": 14,
      "division": "PAT",
      "length": 5,
      "residues": "MRTAC",
      "sequenceListing": 3,
      "moltype": "AA",
      "otherSeqId": "-"
   },
   "model": "sequencelistings.sequence",
   "pk": 65
},
{
   "fields": {
      "sequenceIdNo": 15,
      "division": "PAT",
      "length": 13,
      "residues": "cttacgataatac",
      "sequenceListing": 3,
      "moltype": "DNA",
      "otherSeqId": "-"
   },
   "model": "sequencelistings.sequence",
   "pk": 66
},
{
   "fields": {
      "sequenceIdNo": 16,
      "division": "PAT",
      "length": 17,
      "residues": "ctaa(atcagc)7cgta",
      "sequenceListing": 3,
      "moltype": "DNA",
      "otherSeqId": "-"
   },
   "model": "sequencelistings.sequence",
   "pk": 67
},
{
   "fields": {
      "sequenceIdNo": 17,
      "division": "PAT",
      "length": 21,
      "residues": "catgcatgcatgcatgcatct",
      "sequenceListing": 3,
      "moltype": "DNA",
      "otherSeqId": "-"
   },
   "model": "sequencelistings.sequence",
   "pk": 68
},
{
   "fields": {
      "sequenceIdNo": 18,
      "division": "PAT",
      "length": 14,
      "residues": "taccatcatcatgt",
      "sequenceListing": 3,
      "moltype": "DNA",
      "otherSeqId": "-"
   },
   "model": "sequencelistings.sequence",
   "pk": 69
},
{
   "fields": {
      "sequenceIdNo": 19,
      "division": "PAT",
      "length": 24,
      "residues": "gacucuucuucuucuucuucuacg",
      "sequenceListing": 3,
      "moltype": "RNA",
      "otherSeqId": "-"
   },
   "model": "sequencelistings.sequence",
   "pk": 70
},
{
   "fields": {
      "sequenceIdNo": 20,
      "division": "PAT",
      "length": 11,
      "residues": "cgttatatata",
      "sequenceListing": 3,
      "moltype": "DNA",
      "otherSeqId": "-"
   },
   "model": "sequencelistings.sequence",
   "pk": 71
},
{
   "fields": {
      "location": "1..420",
      "featureKey": "source",
      "sequence": 1
   },
   "model": "sequencelistings.feature",
   "pk": 1
},
{
   "fields": {
      "location": "15",
      "featureKey": "modified_base",
      "sequence": 1
   },
   "model": "sequencelistings.feature",
   "pk": 2
},
{
   "fields": {
      "location": "1..624",
      "featureKey": "SOURCE",
      "sequence": 2
   },
   "model": "sequencelistings.feature",
   "pk": 3
},
{
   "fields": {
      "location": "4",
      "featureKey": "SITE",
      "sequence": 2
   },
   "model": "sequencelistings.feature",
   "pk": 4
},
{
   "fields": {
      "location": "1..180",
      "featureKey": "source",
      "sequence": 3
   },
   "model": "sequencelistings.feature",
   "pk": 5
},
{
   "fields": {
      "location": "13",
      "featureKey": "misc_feature",
      "sequence": 3
   },
   "model": "sequencelistings.feature",
   "pk": 6
},
{
   "fields": {
      "location": "1..106",
      "featureKey": "SOURCE",
      "sequence": 4
   },
   "model": "sequencelistings.feature",
   "pk": 7
},
{
   "fields": {
      "location": "1..210",
      "featureKey": "source",
      "sequence": 5
   },
   "model": "sequencelistings.feature",
   "pk": 8
},
{
   "fields": {
      "location": "40",
      "featureKey": "misc_feature",
      "sequence": 5
   },
   "model": "sequencelistings.feature",
   "pk": 9
},
{
   "fields": {
      "location": "1..8",
      "featureKey": "SOURCE",
      "sequence": 6
   },
   "model": "sequencelistings.feature",
   "pk": 10
},
{
   "fields": {
      "location": "1..4",
      "featureKey": "SOURCE",
      "sequence": 7
   },
   "model": "sequencelistings.feature",
   "pk": 11
},
{
   "fields": {
      "location": "4",
      "featureKey": "VARIANT",
      "sequence": 7
   },
   "model": "sequencelistings.feature",
   "pk": 12
},
{
   "fields": {
      "location": "1..4",
      "featureKey": "SOURCE",
      "sequence": 8
   },
   "model": "sequencelistings.feature",
   "pk": 13
},
{
   "fields": {
      "location": "1..4",
      "featureKey": "SOURCE",
      "sequence": 9
   },
   "model": "sequencelistings.feature",
   "pk": 14
},
{
   "fields": {
      "location": "4",
      "featureKey": "VARIANT",
      "sequence": 9
   },
   "model": "sequencelistings.feature",
   "pk": 15
},
{
   "fields": {
      "location": "1..4",
      "featureKey": "SOURCE",
      "sequence": 10
   },
   "model": "sequencelistings.feature",
   "pk": 16
},
{
   "fields": {
      "location": "1..4",
      "featureKey": "SOURCE",
      "sequence": 11
   },
   "model": "sequencelistings.feature",
   "pk": 17
},
{
   "fields": {
      "location": "4",
      "featureKey": "VARIANT",
      "sequence": 11
   },
   "model": "sequencelistings.feature",
   "pk": 18
},
{
   "fields": {
      "location": "1..4",
      "featureKey": "SOURCE",
      "sequence": 12
   },
   "model": "sequencelistings.feature",
   "pk": 19
},
{
   "fields": {
      "location": "1..4",
      "featureKey": "SOURCE",
      "sequence": 13
   },
   "model": "sequencelistings.feature",
   "pk": 20
},
{
   "fields": {
      "location": "1..4",
      "featureKey": "SOURCE",
      "sequence": 14
   },
   "model": "sequencelistings.feature",
   "pk": 21
},
{
   "fields": {
      "location": "1..4",
      "featureKey": "SOURCE",
      "sequence": 15
   },
   "model": "sequencelistings.feature",
   "pk": 22
},
{
   "fields": {
      "location": "1..4",
      "featureKey": "SOURCE",
      "sequence": 16
   },
   "model": "sequencelistings.feature",
   "pk": 23
},
{
   "fields": {
      "location": "1..4",
      "featureKey": "SOURCE",
      "sequence": 17
   },
   "model": "sequencelistings.feature",
   "pk": 24
},
{
   "fields": {
      "location": "1..6",
      "featureKey": "SOURCE",
      "sequence": 18
   },
   "model": "sequencelistings.feature",
   "pk": 25
},
{
   "fields": {
      "location": "2^3",
      "featureKey": "VARIANT",
      "sequence": 18
   },
   "model": "sequencelistings.feature",
   "pk": 26
},
{
   "fields": {
      "location": "5..6",
      "featureKey": "VARIANT",
      "sequence": 18
   },
   "model": "sequencelistings.feature",
   "pk": 27
},
{
   "fields": {
      "location": "1..106",
      "featureKey": "SOURCE",
      "sequence": 19
   },
   "model": "sequencelistings.feature",
   "pk": 28
},
{
   "fields": {
      "location": "3..102",
      "featureKey": "VARIANT",
      "sequence": 19
   },
   "model": "sequencelistings.feature",
   "pk": 29
},
{
   "fields": {
      "location": "1..8",
      "featureKey": "SOURCE",
      "sequence": 20
   },
   "model": "sequencelistings.feature",
   "pk": 30
},
{
   "fields": {
      "location": "4",
      "featureKey": "VARIANT",
      "sequence": 20
   },
   "model": "sequencelistings.feature",
   "pk": 31
},
{
   "fields": {
      "location": "8",
      "featureKey": "VARIANT",
      "sequence": 20
   },
   "model": "sequencelistings.feature",
   "pk": 32
},
{
   "fields": {
      "location": "1..12",
      "featureKey": "SOURCE",
      "sequence": 21
   },
   "model": "sequencelistings.feature",
   "pk": 33
},
{
   "fields": {
      "location": "4",
      "featureKey": "VARIANT",
      "sequence": 21
   },
   "model": "sequencelistings.feature",
   "pk": 34
},
{
   "fields": {
      "location": "8",
      "featureKey": "VARIANT",
      "sequence": 21
   },
   "model": "sequencelistings.feature",
   "pk": 35
},
{
   "fields": {
      "location": "12",
      "featureKey": "VARIANT",
      "sequence": 21
   },
   "model": "sequencelistings.feature",
   "pk": 36
},
{
   "fields": {
      "location": "1..20",
      "featureKey": "source",
      "sequence": 21
   },
   "model": "sequencelistings.feature",
   "pk": 37
},
{
   "fields": {
      "location": "7..8",
      "featureKey": "allele",
      "sequence": 21
   },
   "model": "sequencelistings.feature",
   "pk": 38
},
{
   "fields": {
      "location": "1..10",
      "featureKey": "SOURCE",
      "sequence": 22
   },
   "model": "sequencelistings.feature",
   "pk": 39
},
{
   "fields": {
      "location": "5",
      "featureKey": "VARIATION",
      "sequence": 22
   },
   "model": "sequencelistings.feature",
   "pk": 40
},
{
   "fields": {
      "location": "1..30",
      "featureKey": "source",
      "sequence": 23
   },
   "model": "sequencelistings.feature",
   "pk": 41
},
{
   "fields": {
      "location": "4..6",
      "featureKey": "allele",
      "sequence": 23
   },
   "model": "sequencelistings.feature",
   "pk": 42
},
{
   "fields": {
      "location": "1..5",
      "featureKey": "SOURCE",
      "sequence": 24
   },
   "model": "sequencelistings.feature",
   "pk": 43
},
{
   "fields": {
      "location": "3",
      "featureKey": "VARIATION",
      "sequence": 24
   },
   "model": "sequencelistings.feature",
   "pk": 44
},
{
   "fields": {
      "location": "1",
      "featureKey": "mutation",
      "sequence": 21
   },
   "model": "sequencelistings.feature",
   "pk": 45
},
{
   "fields": {
      "location": "3",
      "featureKey": "mutation",
      "sequence": 21
   },
   "model": "sequencelistings.feature",
   "pk": 46
},
{
   "fields": {
      "location": "5",
      "featureKey": "mutation",
      "sequence": 21
   },
   "model": "sequencelistings.feature",
   "pk": 47
},
{
   "fields": {
      "location": "1..6",
      "featureKey": "CDS",
      "sequence": 23
   },
   "model": "sequencelistings.feature",
   "pk": 48
},
{
   "fields": {
      "location": "1..11",
      "featureKey": "SOURCE",
      "sequence": 25
   },
   "model": "sequencelistings.feature",
   "pk": 49
},
{
   "fields": {
      "location": "6",
      "featureKey": "NON_TER",
      "sequence": 28
   },
   "model": "sequencelistings.feature",
   "pk": 50
},
{
   "fields": {
      "location": "1..5",
      "featureKey": "SOURCE",
      "sequence": 29
   },
   "model": "sequencelistings.feature",
   "pk": 51
},
{
   "fields": {
      "location": "5",
      "featureKey": "NON_TER",
      "sequence": 29
   },
   "model": "sequencelistings.feature",
   "pk": 52
},
{
   "fields": {
      "location": "1..8",
      "featureKey": "SOURCE",
      "sequence": 30
   },
   "model": "sequencelistings.feature",
   "pk": 53
},
{
   "fields": {
      "location": "5",
      "featureKey": "CROSSLNK",
      "sequence": 30
   },
   "model": "sequencelistings.feature",
   "pk": 54
},
{
   "fields": {
      "location": "6",
      "featureKey": "CROSSLNK",
      "sequence": 30
   },
   "model": "sequencelistings.feature",
   "pk": 55
},
{
   "fields": {
      "location": "7",
      "featureKey": "CROSSLNK",
      "sequence": 30
   },
   "model": "sequencelistings.feature",
   "pk": 56
},
{
   "fields": {
      "location": "1..8",
      "featureKey": "SOURCE",
      "sequence": 31
   },
   "model": "sequencelistings.feature",
   "pk": 57
},
{
   "fields": {
      "location": "5",
      "featureKey": "CROSSLNK",
      "sequence": 31
   },
   "model": "sequencelistings.feature",
   "pk": 58
},
{
   "fields": {
      "location": "1..5",
      "featureKey": "SOURCE",
      "sequence": 32
   },
   "model": "sequencelistings.feature",
   "pk": 59
},
{
   "fields": {
      "location": "5",
      "featureKey": "NON_TER",
      "sequence": 32
   },
   "model": "sequencelistings.feature",
   "pk": 60
},
{
   "fields": {
      "location": "4",
      "featureKey": "C_region",
      "sequence": 3
   },
   "model": "sequencelistings.feature",
   "pk": 61
},
{
   "fields": {
      "location": "1",
      "featureKey": "conflict",
      "sequence": 3
   },
   "model": "sequencelistings.feature",
   "pk": 62
},
{
   "fields": {
      "location": "2",
      "featureKey": "conflict",
      "sequence": 3
   },
   "model": "sequencelistings.feature",
   "pk": 63
},
{
   "fields": {
      "location": "4..6",
      "featureKey": "conflict",
      "sequence": 3
   },
   "model": "sequencelistings.feature",
   "pk": 64
},
{
   "fields": {
      "location": "9",
      "featureKey": "conflict",
      "sequence": 3
   },
   "model": "sequencelistings.feature",
   "pk": 65
},
{
   "fields": {
      "location": "12",
      "featureKey": "conflict",
      "sequence": 3
   },
   "model": "sequencelistings.feature",
   "pk": 66
},
{
   "fields": {
      "location": "624",
      "featureKey": "NON_TER",
      "sequence": 2
   },
   "model": "sequencelistings.feature",
   "pk": 67
},
{
   "fields": {
      "location": "2",
      "featureKey": "CHAIN",
      "sequence": 6
   },
   "model": "sequencelistings.feature",
   "pk": 68
},
{
   "fields": {
      "location": "4",
      "featureKey": "CHAIN",
      "sequence": 6
   },
   "model": "sequencelistings.feature",
   "pk": 69
},
{
   "fields": {
      "location": "6",
      "featureKey": "CHAIN",
      "sequence": 6
   },
   "model": "sequencelistings.feature",
   "pk": 70
},
{
   "fields": {
      "location": "1..400",
      "featureKey": "SOURCE",
      "sequence": 33
   },
   "model": "sequencelistings.feature",
   "pk": 71
},
{
   "fields": {
      "location": "4",
      "featureKey": "VARIANT",
      "sequence": 33
   },
   "model": "sequencelistings.feature",
   "pk": 72
},
{
   "fields": {
      "location": " 8",
      "featureKey": "VARIANT",
      "sequence": 33
   },
   "model": "sequencelistings.feature",
   "pk": 73
},
{
   "fields": {
      "location": " 12",
      "featureKey": "VARIANT",
      "sequence": 33
   },
   "model": "sequencelistings.feature",
   "pk": 74
},
{
   "fields": {
      "location": " 16",
      "featureKey": "VARIANT",
      "sequence": 33
   },
   "model": "sequencelistings.feature",
   "pk": 75
},
{
   "fields": {
      "location": " 20",
      "featureKey": "VARIANT",
      "sequence": 33
   },
   "model": "sequencelistings.feature",
   "pk": 76
},
{
   "fields": {
      "location": " 24",
      "featureKey": "VARIANT",
      "sequence": 33
   },
   "model": "sequencelistings.feature",
   "pk": 77
},
{
   "fields": {
      "location": " 28",
      "featureKey": "VARIANT",
      "sequence": 33
   },
   "model": "sequencelistings.feature",
   "pk": 78
},
{
   "fields": {
      "location": " 32",
      "featureKey": "VARIANT",
      "sequence": 33
   },
   "model": "sequencelistings.feature",
   "pk": 79
},
{
   "fields": {
      "location": " 36",
      "featureKey": "VARIANT",
      "sequence": 33
   },
   "model": "sequencelistings.feature",
   "pk": 80
},
{
   "fields": {
      "location": " 40",
      "featureKey": "VARIANT",
      "sequence": 33
   },
   "model": "sequencelistings.feature",
   "pk": 81
},
{
   "fields": {
      "location": " 44",
      "featureKey": "VARIANT",
      "sequence": 33
   },
   "model": "sequencelistings.feature",
   "pk": 82
},
{
   "fields": {
      "location": " 48",
      "featureKey": "VARIANT",
      "sequence": 33
   },
   "model": "sequencelistings.feature",
   "pk": 83
},
{
   "fields": {
      "location": " 52",
      "featureKey": "VARIANT",
      "sequence": 33
   },
   "model": "sequencelistings.feature",
   "pk": 84
},
{
   "fields": {
      "location": " 56",
      "featureKey": "VARIANT",
      "sequence": 33
   },
   "model": "sequencelistings.feature",
   "pk": 85
},
{
   "fields": {
      "location": " 60",
      "featureKey": "VARIANT",
      "sequence": 33
   },
   "model": "sequencelistings.feature",
   "pk": 86
},
{
   "fields": {
      "location": " 64",
      "featureKey": "VARIANT",
      "sequence": 33
   },
   "model": "sequencelistings.feature",
   "pk": 87
},
{
   "fields": {
      "location": " 68",
      "featureKey": "VARIANT",
      "sequence": 33
   },
   "model": "sequencelistings.feature",
   "pk": 88
},
{
   "fields": {
      "location": " 72",
      "featureKey": "VARIANT",
      "sequence": 33
   },
   "model": "sequencelistings.feature",
   "pk": 89
},
{
   "fields": {
      "location": " 76",
      "featureKey": "VARIANT",
      "sequence": 33
   },
   "model": "sequencelistings.feature",
   "pk": 90
},
{
   "fields": {
      "location": " 80",
      "featureKey": "VARIANT",
      "sequence": 33
   },
   "model": "sequencelistings.feature",
   "pk": 91
},
{
   "fields": {
      "location": " 84",
      "featureKey": "VARIANT",
      "sequence": 33
   },
   "model": "sequencelistings.feature",
   "pk": 92
},
{
   "fields": {
      "location": " 88",
      "featureKey": "VARIANT",
      "sequence": 33
   },
   "model": "sequencelistings.feature",
   "pk": 93
},
{
   "fields": {
      "location": " 92",
      "featureKey": "VARIANT",
      "sequence": 33
   },
   "model": "sequencelistings.feature",
   "pk": 94
},
{
   "fields": {
      "location": " 96",
      "featureKey": "VARIANT",
      "sequence": 33
   },
   "model": "sequencelistings.feature",
   "pk": 95
},
{
   "fields": {
      "location": " 100",
      "featureKey": "VARIANT",
      "sequence": 33
   },
   "model": "sequencelistings.feature",
   "pk": 96
},
{
   "fields": {
      "location": " 104",
      "featureKey": "VARIANT",
      "sequence": 33
   },
   "model": "sequencelistings.feature",
   "pk": 97
},
{
   "fields": {
      "location": "1..52",
      "featureKey": "SOURCE",
      "sequence": 34
   },
   "model": "sequencelistings.feature",
   "pk": 98
},
{
   "fields": {
      "location": "2..3",
      "featureKey": "VARIANT",
      "sequence": 34
   },
   "model": "sequencelistings.feature",
   "pk": 99
},
{
   "fields": {
      "location": "5..24",
      "featureKey": "VARIANT",
      "sequence": 34
   },
   "model": "sequencelistings.feature",
   "pk": 100
},
{
   "fields": {
      "location": "26..28",
      "featureKey": "VARIANT",
      "sequence": 34
   },
   "model": "sequencelistings.feature",
   "pk": 101
},
{
   "fields": {
      "location": "30..48",
      "featureKey": "VARIANT",
      "sequence": 34
   },
   "model": "sequencelistings.feature",
   "pk": 102
},
{
   "fields": {
      "location": "50..51",
      "featureKey": "VARIANT",
      "sequence": 34
   },
   "model": "sequencelistings.feature",
   "pk": 103
},
{
   "fields": {
      "location": "1..53",
      "featureKey": "SOURCE",
      "sequence": 35
   },
   "model": "sequencelistings.feature",
   "pk": 104
},
{
   "fields": {
      "location": "2..3",
      "featureKey": "VARIANT",
      "sequence": 35
   },
   "model": "sequencelistings.feature",
   "pk": 105
},
{
   "fields": {
      "location": "5..24",
      "featureKey": "VARIANT",
      "sequence": 35
   },
   "model": "sequencelistings.feature",
   "pk": 106
},
{
   "fields": {
      "location": "26..28",
      "featureKey": "VARIANT",
      "sequence": 35
   },
   "model": "sequencelistings.feature",
   "pk": 107
},
{
   "fields": {
      "location": "30..49",
      "featureKey": "VARIANT",
      "sequence": 35
   },
   "model": "sequencelistings.feature",
   "pk": 108
},
{
   "fields": {
      "location": "51..52",
      "featureKey": "VARIANT",
      "sequence": 35
   },
   "model": "sequencelistings.feature",
   "pk": 109
},
{
   "fields": {
      "location": "1..74",
      "featureKey": "SOURCE",
      "sequence": 36
   },
   "model": "sequencelistings.feature",
   "pk": 110
},
{
   "fields": {
      "location": "10",
      "featureKey": "BINDING",
      "sequence": 2
   },
   "model": "sequencelistings.feature",
   "pk": 111
},
{
   "fields": {
      "location": "15",
      "featureKey": "BINDING",
      "sequence": 2
   },
   "model": "sequencelistings.feature",
   "pk": 112
},
{
   "fields": {
      "location": "20",
      "featureKey": "BINDING",
      "sequence": 2
   },
   "model": "sequencelistings.feature",
   "pk": 113
},
{
   "fields": {
      "location": "25",
      "featureKey": "BINDING",
      "sequence": 2
   },
   "model": "sequencelistings.feature",
   "pk": 114
},
{
   "fields": {
      "location": "30",
      "featureKey": "BINDING",
      "sequence": 2
   },
   "model": "sequencelistings.feature",
   "pk": 115
},
{
   "fields": {
      "location": "35",
      "featureKey": "BINDING",
      "sequence": 2
   },
   "model": "sequencelistings.feature",
   "pk": 116
},
{
   "fields": {
      "location": "40",
      "featureKey": "BINDING",
      "sequence": 2
   },
   "model": "sequencelistings.feature",
   "pk": 117
},
{
   "fields": {
      "location": "45",
      "featureKey": "BINDING",
      "sequence": 2
   },
   "model": "sequencelistings.feature",
   "pk": 118
},
{
   "fields": {
      "location": "50",
      "featureKey": "BINDING",
      "sequence": 2
   },
   "model": "sequencelistings.feature",
   "pk": 119
},
{
   "fields": {
      "location": "55",
      "featureKey": "BINDING",
      "sequence": 2
   },
   "model": "sequencelistings.feature",
   "pk": 120
},
{
   "fields": {
      "location": "60",
      "featureKey": "BINDING",
      "sequence": 2
   },
   "model": "sequencelistings.feature",
   "pk": 121
},
{
   "fields": {
      "location": "65",
      "featureKey": "BINDING",
      "sequence": 2
   },
   "model": "sequencelistings.feature",
   "pk": 122
},
{
   "fields": {
      "location": "70",
      "featureKey": "BINDING",
      "sequence": 2
   },
   "model": "sequencelistings.feature",
   "pk": 123
},
{
   "fields": {
      "location": "75",
      "featureKey": "BINDING",
      "sequence": 2
   },
   "model": "sequencelistings.feature",
   "pk": 124
},
{
   "fields": {
      "location": "80",
      "featureKey": "BINDING",
      "sequence": 2
   },
   "model": "sequencelistings.feature",
   "pk": 125
},
{
   "fields": {
      "location": "85",
      "featureKey": "BINDING",
      "sequence": 2
   },
   "model": "sequencelistings.feature",
   "pk": 126
},
{
   "fields": {
      "location": "90",
      "featureKey": "BINDING",
      "sequence": 2
   },
   "model": "sequencelistings.feature",
   "pk": 127
},
{
   "fields": {
      "location": "95",
      "featureKey": "BINDING",
      "sequence": 2
   },
   "model": "sequencelistings.feature",
   "pk": 128
},
{
   "fields": {
      "location": "108",
      "featureKey": "VARIANT",
      "sequence": 33
   },
   "model": "sequencelistings.feature",
   "pk": 129
},
{
   "fields": {
      "location": "112",
      "featureKey": "VARIANT",
      "sequence": 33
   },
   "model": "sequencelistings.feature",
   "pk": 130
},
{
   "fields": {
      "location": "116",
      "featureKey": "VARIANT",
      "sequence": 33
   },
   "model": "sequencelistings.feature",
   "pk": 131
},
{
   "fields": {
      "location": "120",
      "featureKey": "VARIANT",
      "sequence": 33
   },
   "model": "sequencelistings.feature",
   "pk": 132
},
{
   "fields": {
      "location": "124",
      "featureKey": "VARIANT",
      "sequence": 33
   },
   "model": "sequencelistings.feature",
   "pk": 133
},
{
   "fields": {
      "location": "128",
      "featureKey": "VARIANT",
      "sequence": 33
   },
   "model": "sequencelistings.feature",
   "pk": 134
},
{
   "fields": {
      "location": "132",
      "featureKey": "VARIANT",
      "sequence": 33
   },
   "model": "sequencelistings.feature",
   "pk": 135
},
{
   "fields": {
      "location": "136",
      "featureKey": "VARIANT",
      "sequence": 33
   },
   "model": "sequencelistings.feature",
   "pk": 136
},
{
   "fields": {
      "location": "140",
      "featureKey": "VARIANT",
      "sequence": 33
   },
   "model": "sequencelistings.feature",
   "pk": 137
},
{
   "fields": {
      "location": "144",
      "featureKey": "VARIANT",
      "sequence": 33
   },
   "model": "sequencelistings.feature",
   "pk": 138
},
{
   "fields": {
      "location": "148",
      "featureKey": "VARIANT",
      "sequence": 33
   },
   "model": "sequencelistings.feature",
   "pk": 139
},
{
   "fields": {
      "location": "152",
      "featureKey": "VARIANT",
      "sequence": 33
   },
   "model": "sequencelistings.feature",
   "pk": 140
},
{
   "fields": {
      "location": "156",
      "featureKey": "VARIANT",
      "sequence": 33
   },
   "model": "sequencelistings.feature",
   "pk": 141
},
{
   "fields": {
      "location": "160",
      "featureKey": "VARIANT",
      "sequence": 33
   },
   "model": "sequencelistings.feature",
   "pk": 142
},
{
   "fields": {
      "location": "164",
      "featureKey": "VARIANT",
      "sequence": 33
   },
   "model": "sequencelistings.feature",
   "pk": 143
},
{
   "fields": {
      "location": "168",
      "featureKey": "VARIANT",
      "sequence": 33
   },
   "model": "sequencelistings.feature",
   "pk": 144
},
{
   "fields": {
      "location": "172",
      "featureKey": "VARIANT",
      "sequence": 33
   },
   "model": "sequencelistings.feature",
   "pk": 145
},
{
   "fields": {
      "location": "176",
      "featureKey": "VARIANT",
      "sequence": 33
   },
   "model": "sequencelistings.feature",
   "pk": 146
},
{
   "fields": {
      "location": "180",
      "featureKey": "VARIANT",
      "sequence": 33
   },
   "model": "sequencelistings.feature",
   "pk": 147
},
{
   "fields": {
      "location": "184",
      "featureKey": "VARIANT",
      "sequence": 33
   },
   "model": "sequencelistings.feature",
   "pk": 148
},
{
   "fields": {
      "location": "188",
      "featureKey": "VARIANT",
      "sequence": 33
   },
   "model": "sequencelistings.feature",
   "pk": 149
},
{
   "fields": {
      "location": "192",
      "featureKey": "VARIANT",
      "sequence": 33
   },
   "model": "sequencelistings.feature",
   "pk": 150
},
{
   "fields": {
      "location": "196",
      "featureKey": "VARIANT",
      "sequence": 33
   },
   "model": "sequencelistings.feature",
   "pk": 151
},
{
   "fields": {
      "location": "200",
      "featureKey": "VARIANT",
      "sequence": 33
   },
   "model": "sequencelistings.feature",
   "pk": 152
},
{
   "fields": {
      "location": "204",
      "featureKey": "VARIANT",
      "sequence": 33
   },
   "model": "sequencelistings.feature",
   "pk": 153
},
{
   "fields": {
      "location": "208",
      "featureKey": "VARIANT",
      "sequence": 33
   },
   "model": "sequencelistings.feature",
   "pk": 154
},
{
   "fields": {
      "location": "212",
      "featureKey": "VARIANT",
      "sequence": 33
   },
   "model": "sequencelistings.feature",
   "pk": 155
},
{
   "fields": {
      "location": "216",
      "featureKey": "VARIANT",
      "sequence": 33
   },
   "model": "sequencelistings.feature",
   "pk": 156
},
{
   "fields": {
      "location": "220",
      "featureKey": "VARIANT",
      "sequence": 33
   },
   "model": "sequencelistings.feature",
   "pk": 157
},
{
   "fields": {
      "location": "224",
      "featureKey": "VARIANT",
      "sequence": 33
   },
   "model": "sequencelistings.feature",
   "pk": 158
},
{
   "fields": {
      "location": "228",
      "featureKey": "VARIANT",
      "sequence": 33
   },
   "model": "sequencelistings.feature",
   "pk": 159
},
{
   "fields": {
      "location": "232",
      "featureKey": "VARIANT",
      "sequence": 33
   },
   "model": "sequencelistings.feature",
   "pk": 160
},
{
   "fields": {
      "location": "236",
      "featureKey": "VARIANT",
      "sequence": 33
   },
   "model": "sequencelistings.feature",
   "pk": 161
},
{
   "fields": {
      "location": "240",
      "featureKey": "VARIANT",
      "sequence": 33
   },
   "model": "sequencelistings.feature",
   "pk": 162
},
{
   "fields": {
      "location": "244",
      "featureKey": "VARIANT",
      "sequence": 33
   },
   "model": "sequencelistings.feature",
   "pk": 163
},
{
   "fields": {
      "location": "248",
      "featureKey": "VARIANT",
      "sequence": 33
   },
   "model": "sequencelistings.feature",
   "pk": 164
},
{
   "fields": {
      "location": "252",
      "featureKey": "VARIANT",
      "sequence": 33
   },
   "model": "sequencelistings.feature",
   "pk": 165
},
{
   "fields": {
      "location": "256",
      "featureKey": "VARIANT",
      "sequence": 33
   },
   "model": "sequencelistings.feature",
   "pk": 166
},
{
   "fields": {
      "location": "260",
      "featureKey": "VARIANT",
      "sequence": 33
   },
   "model": "sequencelistings.feature",
   "pk": 167
},
{
   "fields": {
      "location": "264",
      "featureKey": "VARIANT",
      "sequence": 33
   },
   "model": "sequencelistings.feature",
   "pk": 168
},
{
   "fields": {
      "location": "268",
      "featureKey": "VARIANT",
      "sequence": 33
   },
   "model": "sequencelistings.feature",
   "pk": 169
},
{
   "fields": {
      "location": "272",
      "featureKey": "VARIANT",
      "sequence": 33
   },
   "model": "sequencelistings.feature",
   "pk": 170
},
{
   "fields": {
      "location": "276",
      "featureKey": "VARIANT",
      "sequence": 33
   },
   "model": "sequencelistings.feature",
   "pk": 171
},
{
   "fields": {
      "location": "280",
      "featureKey": "VARIANT",
      "sequence": 33
   },
   "model": "sequencelistings.feature",
   "pk": 172
},
{
   "fields": {
      "location": "284",
      "featureKey": "VARIANT",
      "sequence": 33
   },
   "model": "sequencelistings.feature",
   "pk": 173
},
{
   "fields": {
      "location": "288",
      "featureKey": "VARIANT",
      "sequence": 33
   },
   "model": "sequencelistings.feature",
   "pk": 174
},
{
   "fields": {
      "location": "292",
      "featureKey": "VARIANT",
      "sequence": 33
   },
   "model": "sequencelistings.feature",
   "pk": 175
},
{
   "fields": {
      "location": "296",
      "featureKey": "VARIANT",
      "sequence": 33
   },
   "model": "sequencelistings.feature",
   "pk": 176
},
{
   "fields": {
      "location": "300",
      "featureKey": "VARIANT",
      "sequence": 33
   },
   "model": "sequencelistings.feature",
   "pk": 177
},
{
   "fields": {
      "location": "304",
      "featureKey": "VARIANT",
      "sequence": 33
   },
   "model": "sequencelistings.feature",
   "pk": 178
},
{
   "fields": {
      "location": "308",
      "featureKey": "VARIANT",
      "sequence": 33
   },
   "model": "sequencelistings.feature",
   "pk": 179
},
{
   "fields": {
      "location": "312",
      "featureKey": "VARIANT",
      "sequence": 33
   },
   "model": "sequencelistings.feature",
   "pk": 180
},
{
   "fields": {
      "location": "316",
      "featureKey": "VARIANT",
      "sequence": 33
   },
   "model": "sequencelistings.feature",
   "pk": 181
},
{
   "fields": {
      "location": "320",
      "featureKey": "VARIANT",
      "sequence": 33
   },
   "model": "sequencelistings.feature",
   "pk": 182
},
{
   "fields": {
      "location": "324",
      "featureKey": "VARIANT",
      "sequence": 33
   },
   "model": "sequencelistings.feature",
   "pk": 183
},
{
   "fields": {
      "location": "328",
      "featureKey": "VARIANT",
      "sequence": 33
   },
   "model": "sequencelistings.feature",
   "pk": 184
},
{
   "fields": {
      "location": "332",
      "featureKey": "VARIANT",
      "sequence": 33
   },
   "model": "sequencelistings.feature",
   "pk": 185
},
{
   "fields": {
      "location": "336",
      "featureKey": "VARIANT",
      "sequence": 33
   },
   "model": "sequencelistings.feature",
   "pk": 186
},
{
   "fields": {
      "location": "340",
      "featureKey": "VARIANT",
      "sequence": 33
   },
   "model": "sequencelistings.feature",
   "pk": 187
},
{
   "fields": {
      "location": "344",
      "featureKey": "VARIANT",
      "sequence": 33
   },
   "model": "sequencelistings.feature",
   "pk": 188
},
{
   "fields": {
      "location": "348",
      "featureKey": "VARIANT",
      "sequence": 33
   },
   "model": "sequencelistings.feature",
   "pk": 189
},
{
   "fields": {
      "location": "352",
      "featureKey": "VARIANT",
      "sequence": 33
   },
   "model": "sequencelistings.feature",
   "pk": 190
},
{
   "fields": {
      "location": "356",
      "featureKey": "VARIANT",
      "sequence": 33
   },
   "model": "sequencelistings.feature",
   "pk": 191
},
{
   "fields": {
      "location": "360",
      "featureKey": "VARIANT",
      "sequence": 33
   },
   "model": "sequencelistings.feature",
   "pk": 192
},
{
   "fields": {
      "location": "364",
      "featureKey": "VARIANT",
      "sequence": 33
   },
   "model": "sequencelistings.feature",
   "pk": 193
},
{
   "fields": {
      "location": "368",
      "featureKey": "VARIANT",
      "sequence": 33
   },
   "model": "sequencelistings.feature",
   "pk": 194
},
{
   "fields": {
      "location": "372",
      "featureKey": "VARIANT",
      "sequence": 33
   },
   "model": "sequencelistings.feature",
   "pk": 195
},
{
   "fields": {
      "location": "376",
      "featureKey": "VARIANT",
      "sequence": 33
   },
   "model": "sequencelistings.feature",
   "pk": 196
},
{
   "fields": {
      "location": "380",
      "featureKey": "VARIANT",
      "sequence": 33
   },
   "model": "sequencelistings.feature",
   "pk": 197
},
{
   "fields": {
      "location": "384",
      "featureKey": "VARIANT",
      "sequence": 33
   },
   "model": "sequencelistings.feature",
   "pk": 198
},
{
   "fields": {
      "location": "388",
      "featureKey": "VARIANT",
      "sequence": 33
   },
   "model": "sequencelistings.feature",
   "pk": 199
},
{
   "fields": {
      "location": "392",
      "featureKey": "VARIANT",
      "sequence": 33
   },
   "model": "sequencelistings.feature",
   "pk": 200
},
{
   "fields": {
      "location": "396",
      "featureKey": "VARIANT",
      "sequence": 33
   },
   "model": "sequencelistings.feature",
   "pk": 201
},
{
   "fields": {
      "location": "400",
      "featureKey": "VARIANT",
      "sequence": 33
   },
   "model": "sequencelistings.feature",
   "pk": 202
},
{
   "fields": {
      "location": "1-8",
      "featureKey": "PEPTIDE",
      "sequence": 36
   },
   "model": "sequencelistings.feature",
   "pk": 203
},
{
   "fields": {
      "location": "10-19",
      "featureKey": "PEPTIDE",
      "sequence": 36
   },
   "model": "sequencelistings.feature",
   "pk": 204
},
{
   "fields": {
      "location": "21-48",
      "featureKey": "PEPTIDE",
      "sequence": 36
   },
   "model": "sequencelistings.feature",
   "pk": 205
},
{
   "fields": {
      "location": "50-68",
      "featureKey": "PEPTIDE",
      "sequence": 36
   },
   "model": "sequencelistings.feature",
   "pk": 206
},
{
   "fields": {
      "location": "70-74",
      "featureKey": "PEPTIDE",
      "sequence": 36
   },
   "model": "sequencelistings.feature",
   "pk": 207
},
{
   "fields": {
      "location": "1..10",
      "featureKey": "source",
      "sequence": 37
   },
   "model": "sequencelistings.feature",
   "pk": 208
},
{
   "fields": {
      "location": "1..10",
      "featureKey": "source",
      "sequence": 38
   },
   "model": "sequencelistings.feature",
   "pk": 209
},
{
   "fields": {
      "location": "1..10",
      "featureKey": "source",
      "sequence": 39
   },
   "model": "sequencelistings.feature",
   "pk": 210
},
{
   "fields": {
      "location": "1..10",
      "featureKey": "source",
      "sequence": 40
   },
   "model": "sequencelistings.feature",
   "pk": 211
},
{
   "fields": {
      "location": "1..10",
      "featureKey": "source",
      "sequence": 41
   },
   "model": "sequencelistings.feature",
   "pk": 212
},
{
   "fields": {
      "location": "1..10",
      "featureKey": "source",
      "sequence": 42
   },
   "model": "sequencelistings.feature",
   "pk": 213
},
{
   "fields": {
      "location": "1..22",
      "featureKey": "source",
      "sequence": 43
   },
   "model": "sequencelistings.feature",
   "pk": 214
},
{
   "fields": {
      "location": "1",
      "featureKey": "misc_recomb",
      "sequence": 43
   },
   "model": "sequencelistings.feature",
   "pk": 215
},
{
   "fields": {
      "location": "1..22",
      "featureKey": "source",
      "sequence": 44
   },
   "model": "sequencelistings.feature",
   "pk": 216
},
{
   "fields": {
      "location": "1..22",
      "featureKey": "source",
      "sequence": 45
   },
   "model": "sequencelistings.feature",
   "pk": 217
},
{
   "fields": {
      "location": "1..22",
      "featureKey": "source",
      "sequence": 46
   },
   "model": "sequencelistings.feature",
   "pk": 218
},
{
   "fields": {
      "location": "1..76",
      "featureKey": "source",
      "sequence": 47
   },
   "model": "sequencelistings.feature",
   "pk": 219
},
{
   "fields": {
      "location": "1..85",
      "featureKey": "source",
      "sequence": 48
   },
   "model": "sequencelistings.feature",
   "pk": 220
},
{
   "fields": {
      "location": "1..7",
      "featureKey": "stem_loop",
      "sequence": 48
   },
   "model": "sequencelistings.feature",
   "pk": 221
},
{
   "fields": {
      "location": "10..13",
      "featureKey": "stem_loop",
      "sequence": 48
   },
   "model": "sequencelistings.feature",
   "pk": 222
},
{
   "fields": {
      "location": "28..31",
      "featureKey": "stem_loop",
      "sequence": 48
   },
   "model": "sequencelistings.feature",
   "pk": 223
},
{
   "fields": {
      "location": "34..37",
      "featureKey": "stem_loop",
      "sequence": 48
   },
   "model": "sequencelistings.feature",
   "pk": 224
},
{
   "fields": {
      "location": "47..50",
      "featureKey": "stem_loop",
      "sequence": 48
   },
   "model": "sequencelistings.feature",
   "pk": 225
},
{
   "fields": {
      "location": "59..61",
      "featureKey": "stem_loop",
      "sequence": 48
   },
   "model": "sequencelistings.feature",
   "pk": 226
},
{
   "fields": {
      "location": "63..69",
      "featureKey": "stem_loop",
      "sequence": 48
   },
   "model": "sequencelistings.feature",
   "pk": 227
},
{
   "fields": {
      "location": "1..4",
      "featureKey": "SOURCE",
      "sequence": 49
   },
   "model": "sequencelistings.feature",
   "pk": 228
},
{
   "fields": {
      "location": "1",
      "featureKey": "SITE",
      "sequence": 49
   },
   "model": "sequencelistings.feature",
   "pk": 229
},
{
   "fields": {
      "location": "1..28",
      "featureKey": "source",
      "sequence": 50
   },
   "model": "sequencelistings.feature",
   "pk": 231
},
{
   "fields": {
      "location": "1",
      "featureKey": "misc_difference",
      "sequence": 50
   },
   "model": "sequencelistings.feature",
   "pk": 232
},
{
   "fields": {
      "location": "1..31",
      "featureKey": "source",
      "sequence": 51
   },
   "model": "sequencelistings.feature",
   "pk": 233
},
{
   "fields": {
      "location": "1",
      "featureKey": "misc_difference",
      "sequence": 51
   },
   "model": "sequencelistings.feature",
   "pk": 234
},
{
   "fields": {
      "location": "4",
      "featureKey": "SITE",
      "sequence": 49
   },
   "model": "sequencelistings.feature",
   "pk": 235
},
{
   "fields": {
      "location": "1..4",
      "featureKey": "SOURCE",
      "sequence": 52
   },
   "model": "sequencelistings.feature",
   "pk": 236
},
{
   "fields": {
      "location": "1..8",
      "featureKey": "SOURCE",
      "sequence": 53
   },
   "model": "sequencelistings.feature",
   "pk": 237
},
{
   "fields": {
      "location": "1..8",
      "featureKey": "SOURCE",
      "sequence": 54
   },
   "model": "sequencelistings.feature",
   "pk": 238
},
{
   "fields": {
      "location": "1..4",
      "featureKey": "SOURCE",
      "sequence": 55
   },
   "model": "sequencelistings.feature",
   "pk": 239
},
{
   "fields": {
      "location": "1..18",
      "featureKey": "source",
      "sequence": 56
   },
   "model": "sequencelistings.feature",
   "pk": 240
},
{
   "fields": {
      "location": "1..21",
      "featureKey": "source",
      "sequence": 57
   },
   "model": "sequencelistings.feature",
   "pk": 241
},
{
   "fields": {
      "location": "1..10",
      "featureKey": "source",
      "sequence": 58
   },
   "model": "sequencelistings.feature",
   "pk": 242
},
{
   "fields": {
      "location": "1..5",
      "featureKey": "SOURCE",
      "sequence": 59
   },
   "model": "sequencelistings.feature",
   "pk": 243
},
{
   "fields": {
      "location": "1..15",
      "featureKey": "source",
      "sequence": 60
   },
   "model": "sequencelistings.feature",
   "pk": 244
},
{
   "fields": {
      "location": "1..6",
      "featureKey": "SOURCE",
      "sequence": 61
   },
   "model": "sequencelistings.feature",
   "pk": 245
},
{
   "fields": {
      "location": "1..16",
      "featureKey": "source",
      "sequence": 62
   },
   "model": "sequencelistings.feature",
   "pk": 246
},
{
   "fields": {
      "location": "1..5",
      "featureKey": "SOURCE",
      "sequence": 63
   },
   "model": "sequencelistings.feature",
   "pk": 247
},
{
   "fields": {
      "location": "3",
      "featureKey": "METAL",
      "sequence": 63
   },
   "model": "sequencelistings.feature",
   "pk": 248
},
{
   "fields": {
      "location": "5",
      "featureKey": "attenuator",
      "sequence": 1
   },
   "model": "sequencelistings.feature",
   "pk": 249
},
{
   "fields": {
      "location": "7",
      "featureKey": "CAAT_signal",
      "sequence": 1
   },
   "model": "sequencelistings.feature",
   "pk": 250
},
{
   "fields": {
      "location": "20",
      "featureKey": "C_region",
      "sequence": 1
   },
   "model": "sequencelistings.feature",
   "pk": 251
},
{
   "fields": {
      "location": "5",
      "featureKey": "misc_feature",
      "sequence": 56
   },
   "model": "sequencelistings.feature",
   "pk": 252
},
{
   "fields": {
      "location": "10",
      "featureKey": "misc_feature",
      "sequence": 56
   },
   "model": "sequencelistings.feature",
   "pk": 253
},
{
   "fields": {
      "location": "13",
      "featureKey": "misc_feature",
      "sequence": 56
   },
   "model": "sequencelistings.feature",
   "pk": 254
},
{
   "fields": {
      "location": "5",
      "featureKey": "SITE",
      "sequence": 24
   },
   "model": "sequencelistings.feature",
   "pk": 255
},
{
   "fields": {
      "location": "1..16",
      "featureKey": "source",
      "sequence": 64
   },
   "model": "sequencelistings.feature",
   "pk": 256
},
{
   "fields": {
      "location": "1..5",
      "featureKey": "SOURCE",
      "sequence": 65
   },
   "model": "sequencelistings.feature",
   "pk": 257
},
{
   "fields": {
      "location": "1..13",
      "featureKey": "source",
      "sequence": 66
   },
   "model": "sequencelistings.feature",
   "pk": 258
},
{
   "fields": {
      "location": "1..17",
      "featureKey": "source",
      "sequence": 67
   },
   "model": "sequencelistings.feature",
   "pk": 259
},
{
   "fields": {
      "location": "1..21",
      "featureKey": "source",
      "sequence": 68
   },
   "model": "sequencelistings.feature",
   "pk": 260
},
{
   "fields": {
      "location": "1..14",
      "featureKey": "source",
      "sequence": 69
   },
   "model": "sequencelistings.feature",
   "pk": 261
},
{
   "fields": {
      "location": "1..24",
      "featureKey": "source",
      "sequence": 70
   },
   "model": "sequencelistings.feature",
   "pk": 262
},
{
   "fields": {
      "location": "1..11",
      "featureKey": "source",
      "sequence": 71
   },
   "model": "sequencelistings.feature",
   "pk": 263
},
{
   "fields": {
      "location": "4",
      "featureKey": "attenuator",
      "sequence": 71
   },
   "model": "sequencelistings.feature",
   "pk": 264
},
{
   "fields": {
      "qualifierName": "organism",
      "qualifierValue": "Homo sapiens",
      "feature": 1
   },
   "model": "sequencelistings.qualifier",
   "pk": 1
},
{
   "fields": {
      "qualifierName": "mol_type",
      "qualifierValue": "genomic DNA",
      "feature": 1
   },
   "model": "sequencelistings.qualifier",
   "pk": 2
},
{
   "fields": {
      "qualifierName": "note",
      "qualifierValue": "example of DNA sequence",
      "feature": 1
   },
   "model": "sequencelistings.qualifier",
   "pk": 3
},
{
   "fields": {
      "qualifierName": "mod_base",
      "qualifierValue": "m5c",
      "feature": 2
   },
   "model": "sequencelistings.qualifier",
   "pk": 4
},
{
   "fields": {
      "qualifierName": "ORGANISM",
      "qualifierValue": "Mus musculus",
      "feature": 3
   },
   "model": "sequencelistings.qualifier",
   "pk": 5
},
{
   "fields": {
      "qualifierName": "MOL_TYPE",
      "qualifierValue": "protein",
      "feature": 3
   },
   "model": "sequencelistings.qualifier",
   "pk": 6
},
{
   "fields": {
      "qualifierName": "NOTE",
      "qualifierValue": "example note for protein",
      "feature": 4
   },
   "model": "sequencelistings.qualifier",
   "pk": 7
},
{
   "fields": {
      "qualifierName": "organism",
      "qualifierValue": "Mus musculus",
      "feature": 5
   },
   "model": "sequencelistings.qualifier",
   "pk": 8
},
{
   "fields": {
      "qualifierName": "mol_type",
      "qualifierValue": "genomic DNA",
      "feature": 5
   },
   "model": "sequencelistings.qualifier",
   "pk": 9
},
{
   "fields": {
      "qualifierName": "note",
      "qualifierValue": "example of DNA sequence",
      "feature": 5
   },
   "model": "sequencelistings.qualifier",
   "pk": 10
},
{
   "fields": {
      "qualifierName": "note",
      "qualifierValue": "example of note",
      "feature": 6
   },
   "model": "sequencelistings.qualifier",
   "pk": 11
},
{
   "fields": {
      "qualifierName": "ORGANISM",
      "qualifierValue": "Solanum lycopersicum",
      "feature": 7
   },
   "model": "sequencelistings.qualifier",
   "pk": 12
},
{
   "fields": {
      "qualifierName": "MOL_TYPE",
      "qualifierValue": "protein",
      "feature": 7
   },
   "model": "sequencelistings.qualifier",
   "pk": 13
},
{
   "fields": {
      "qualifierName": "organism",
      "qualifierValue": "Solanum lycopersicum",
      "feature": 8
   },
   "model": "sequencelistings.qualifier",
   "pk": 14
},
{
   "fields": {
      "qualifierName": "mol_type",
      "qualifierValue": "genomic RNA",
      "feature": 8
   },
   "model": "sequencelistings.qualifier",
   "pk": 15
},
{
   "fields": {
      "qualifierName": "note",
      "qualifierValue": "example of some annotation",
      "feature": 9
   },
   "model": "sequencelistings.qualifier",
   "pk": 16
},
{
   "fields": {
      "qualifierName": "ORGANISM",
      "qualifierValue": "mus",
      "feature": 10
   },
   "model": "sequencelistings.qualifier",
   "pk": 17
},
{
   "fields": {
      "qualifierName": "MOL_TYPE",
      "qualifierValue": "protein",
      "feature": 10
   },
   "model": "sequencelistings.qualifier",
   "pk": 18
},
{
   "fields": {
      "qualifierName": "ORGANISM",
      "qualifierValue": "Homo sapiens",
      "feature": 11
   },
   "model": "sequencelistings.qualifier",
   "pk": 19
},
{
   "fields": {
      "qualifierName": "MOL_TYPE",
      "qualifierValue": "protein",
      "feature": 11
   },
   "model": "sequencelistings.qualifier",
   "pk": 20
},
{
   "fields": {
      "qualifierName": "NOTE",
      "qualifierValue": "any aminoacid",
      "feature": 12
   },
   "model": "sequencelistings.qualifier",
   "pk": 21
},
{
   "fields": {
      "qualifierName": "ORGANISM",
      "qualifierValue": "Homo sapiens",
      "feature": 13
   },
   "model": "sequencelistings.qualifier",
   "pk": 22
},
{
   "fields": {
      "qualifierName": "MOL_TYPE",
      "qualifierValue": "protein",
      "feature": 13
   },
   "model": "sequencelistings.qualifier",
   "pk": 23
},
{
   "fields": {
      "qualifierName": "ORGANISM",
      "qualifierValue": "Homo sapiens",
      "feature": 14
   },
   "model": "sequencelistings.qualifier",
   "pk": 24
},
{
   "fields": {
      "qualifierName": "MOL_TYPE",
      "qualifierValue": "protein",
      "feature": 14
   },
   "model": "sequencelistings.qualifier",
   "pk": 25
},
{
   "fields": {
      "qualifierName": "NOTE",
      "qualifierValue": "can be absent",
      "feature": 15
   },
   "model": "sequencelistings.qualifier",
   "pk": 26
},
{
   "fields": {
      "qualifierName": "ORGANISM",
      "qualifierValue": "Homo sapiens",
      "feature": 16
   },
   "model": "sequencelistings.qualifier",
   "pk": 27
},
{
   "fields": {
      "qualifierName": "MOL_TYPE",
      "qualifierValue": "protein",
      "feature": 16
   },
   "model": "sequencelistings.qualifier",
   "pk": 28
},
{
   "fields": {
      "qualifierName": "ORGANISM",
      "qualifierValue": "Homo sapiens",
      "feature": 17
   },
   "model": "sequencelistings.qualifier",
   "pk": 29
},
{
   "fields": {
      "qualifierName": "MOL_TYPE",
      "qualifierValue": "protein",
      "feature": 17
   },
   "model": "sequencelistings.qualifier",
   "pk": 30
},
{
   "fields": {
      "qualifierName": "NOTE",
      "qualifierValue": "S",
      "feature": 18
   },
   "model": "sequencelistings.qualifier",
   "pk": 31
},
{
   "fields": {
      "qualifierName": "ORGANISM",
      "qualifierValue": "Homo sapiens",
      "feature": 19
   },
   "model": "sequencelistings.qualifier",
   "pk": 32
},
{
   "fields": {
      "qualifierName": "MOL_TYPE",
      "qualifierValue": "protein",
      "feature": 19
   },
   "model": "sequencelistings.qualifier",
   "pk": 33
},
{
   "fields": {
      "qualifierName": "ORGANISM",
      "qualifierValue": "Homo sapiens",
      "feature": 20
   },
   "model": "sequencelistings.qualifier",
   "pk": 34
},
{
   "fields": {
      "qualifierName": "MOL_TYPE",
      "qualifierValue": "protein",
      "feature": 20
   },
   "model": "sequencelistings.qualifier",
   "pk": 35
},
{
   "fields": {
      "qualifierName": "ORGANISM",
      "qualifierValue": "Homo sapiens",
      "feature": 21
   },
   "model": "sequencelistings.qualifier",
   "pk": 36
},
{
   "fields": {
      "qualifierName": "MOL_TYPE",
      "qualifierValue": "protein",
      "feature": 21
   },
   "model": "sequencelistings.qualifier",
   "pk": 37
},
{
   "fields": {
      "qualifierName": "ORGANISM",
      "qualifierValue": "Homo sapiens",
      "feature": 22
   },
   "model": "sequencelistings.qualifier",
   "pk": 38
},
{
   "fields": {
      "qualifierName": "MOL_TYPE",
      "qualifierValue": "protein",
      "feature": 22
   },
   "model": "sequencelistings.qualifier",
   "pk": 39
},
{
   "fields": {
      "qualifierName": "ORGANISM",
      "qualifierValue": "Homo sapiens",
      "feature": 23
   },
   "model": "sequencelistings.qualifier",
   "pk": 40
},
{
   "fields": {
      "qualifierName": "MOL_TYPE",
      "qualifierValue": "protein",
      "feature": 23
   },
   "model": "sequencelistings.qualifier",
   "pk": 41
},
{
   "fields": {
      "qualifierName": "ORGANISM",
      "qualifierValue": "Homo sapiens",
      "feature": 24
   },
   "model": "sequencelistings.qualifier",
   "pk": 42
},
{
   "fields": {
      "qualifierName": "MOL_TYPE",
      "qualifierValue": "protein",
      "feature": 24
   },
   "model": "sequencelistings.qualifier",
   "pk": 43
},
{
   "fields": {
      "qualifierName": "ORGANISM",
      "qualifierValue": "Homo sapiens",
      "feature": 25
   },
   "model": "sequencelistings.qualifier",
   "pk": 44
},
{
   "fields": {
      "qualifierName": "MOL_TYPE",
      "qualifierValue": "protein",
      "feature": 25
   },
   "model": "sequencelistings.qualifier",
   "pk": 45
},
{
   "fields": {
      "qualifierName": "NOTE",
      "qualifierValue": "undefined gap",
      "feature": 26
   },
   "model": "sequencelistings.qualifier",
   "pk": 46
},
{
   "fields": {
      "qualifierName": "NOTE",
      "qualifierValue": "any amino acid",
      "feature": 27
   },
   "model": "sequencelistings.qualifier",
   "pk": 47
},
{
   "fields": {
      "qualifierName": "ORGANISM",
      "qualifierValue": "Homo sapiens",
      "feature": 28
   },
   "model": "sequencelistings.qualifier",
   "pk": 48
},
{
   "fields": {
      "qualifierName": "MOL_TYPE",
      "qualifierValue": "protein",
      "feature": 28
   },
   "model": "sequencelistings.qualifier",
   "pk": 49
},
{
   "fields": {
      "qualifierName": "NOTE",
      "qualifierValue": "any amino acid",
      "feature": 29
   },
   "model": "sequencelistings.qualifier",
   "pk": 50
},
{
   "fields": {
      "qualifierName": "ORGANISM",
      "qualifierValue": "Homo sapiens",
      "feature": 30
   },
   "model": "sequencelistings.qualifier",
   "pk": 51
},
{
   "fields": {
      "qualifierName": "MOL_TYPE",
      "qualifierValue": "protein",
      "feature": 30
   },
   "model": "sequencelistings.qualifier",
   "pk": 52
},
{
   "fields": {
      "qualifierName": "NOTE",
      "qualifierValue": "any amino acid as long as it is the same in position 8",
      "feature": 31
   },
   "model": "sequencelistings.qualifier",
   "pk": 53
},
{
   "fields": {
      "qualifierName": "NOTE",
      "qualifierValue": "any amino acid as long as it is the same in position 4",
      "feature": 32
   },
   "model": "sequencelistings.qualifier",
   "pk": 54
},
{
   "fields": {
      "qualifierName": "ORGANISM",
      "qualifierValue": "Homo sapiens",
      "feature": 33
   },
   "model": "sequencelistings.qualifier",
   "pk": 55
},
{
   "fields": {
      "qualifierName": "MOL_TYPE",
      "qualifierValue": "protein",
      "feature": 33
   },
   "model": "sequencelistings.qualifier",
   "pk": 56
},
{
   "fields": {
      "qualifierName": "NOTE",
      "qualifierValue": "any amino acid as long as it is the same in positions 8 and 12",
      "feature": 34
   },
   "model": "sequencelistings.qualifier",
   "pk": 57
},
{
   "fields": {
      "qualifierName": "NOTE",
      "qualifierValue": "any amino acid as long as it is the same in positions 4 and 12",
      "feature": 35
   },
   "model": "sequencelistings.qualifier",
   "pk": 58
},
{
   "fields": {
      "qualifierName": "NOTE",
      "qualifierValue": "any amino acid as long as it is the same in positions 4 and 8",
      "feature": 36
   },
   "model": "sequencelistings.qualifier",
   "pk": 59
},
{
   "fields": {
      "qualifierName": "ORGANISM",
      "qualifierValue": "Homo sapiens",
      "feature": 37
   },
   "model": "sequencelistings.qualifier",
   "pk": 60
},
{
   "fields": {
      "qualifierName": "organism",
      "qualifierValue": "homo sapiens",
      "feature": 37
   },
   "model": "sequencelistings.qualifier",
   "pk": 61
},
{
   "fields": {
      "qualifierName": "mol_type",
      "qualifierValue": "genomic DNA",
      "feature": 37
   },
   "model": "sequencelistings.qualifier",
   "pk": 62
},
{
   "fields": {
      "qualifierName": "ORGANISM",
      "qualifierValue": "mus",
      "feature": 39
   },
   "model": "sequencelistings.qualifier",
   "pk": 63
},
{
   "fields": {
      "qualifierName": "MOL_TYPE",
      "qualifierValue": "protein",
      "feature": 39
   },
   "model": "sequencelistings.qualifier",
   "pk": 64
},
{
   "fields": {
      "qualifierName": "organism",
      "qualifierValue": "homo sapiens",
      "feature": 41
   },
   "model": "sequencelistings.qualifier",
   "pk": 65
},
{
   "fields": {
      "qualifierName": "mol_type",
      "qualifierValue": "genomic DNA",
      "feature": 41
   },
   "model": "sequencelistings.qualifier",
   "pk": 66
},
{
   "fields": {
      "qualifierName": "ORGANISM",
      "qualifierValue": "mus",
      "feature": 43
   },
   "model": "sequencelistings.qualifier",
   "pk": 67
},
{
   "fields": {
      "qualifierName": "MOL_TYPE",
      "qualifierValue": "protein",
      "feature": 43
   },
   "model": "sequencelistings.qualifier",
   "pk": 68
},
{
   "fields": {
      "qualifierName": "note",
      "qualifierValue": "a or g",
      "feature": 45
   },
   "model": "sequencelistings.qualifier",
   "pk": 69
},
{
   "fields": {
      "qualifierName": "note",
      "qualifierValue": "a or g",
      "feature": 46
   },
   "model": "sequencelistings.qualifier",
   "pk": 70
},
{
   "fields": {
      "qualifierName": "note",
      "qualifierValue": "a or g",
      "feature": 47
   },
   "model": "sequencelistings.qualifier",
   "pk": 71
},
{
   "fields": {
      "qualifierName": "note",
      "qualifierValue": "coding fragment",
      "feature": 48
   },
   "model": "sequencelistings.qualifier",
   "pk": 72
},
{
   "fields": {
      "qualifierName": "ORGANISM",
      "qualifierValue": "Homo sapiens",
      "feature": 49
   },
   "model": "sequencelistings.qualifier",
   "pk": 73
},
{
   "fields": {
      "qualifierName": "MOL_TYPE",
      "qualifierValue": "protein",
      "feature": 49
   },
   "model": "sequencelistings.qualifier",
   "pk": 74
},
{
   "fields": {
      "qualifierName": "ORGANISM",
      "qualifierValue": "Homo sapiens",
      "feature": 47
   },
   "model": "sequencelistings.qualifier",
   "pk": 75
},
{
   "fields": {
      "qualifierName": "MOL_TYPE",
      "qualifierValue": "protein",
      "feature": 47
   },
   "model": "sequencelistings.qualifier",
   "pk": 76
},
{
   "fields": {
      "qualifierName": "NOTE",
      "qualifierValue": "bound to Lys at position 6 of SEQ ID NO 24 via an amide linkage between the side chain amine of the Lysine and the carboxyl end of the bonded Ala",
      "feature": 48
   },
   "model": "sequencelistings.qualifier",
   "pk": 77
},
{
   "fields": {
      "qualifierName": "NOTE",
      "qualifierValue": "bound to Lys at position 6 of SEQ ID NO 24 via an amide linkage between the side chain amine of the Lys of SEQ ID NO 24 and the carboxyl end of the bonded Lys; also bound to to Ala at position 6 of SEQ ID NO 21 via an amide linkage between the side chain amine of the Lys and the carboxyl end of the bonded Ala",
      "feature": 50
   },
   "model": "sequencelistings.qualifier",
   "pk": 80
},
{
   "fields": {
      "qualifierName": "ORGANISM",
      "qualifierValue": "Homo sapiens",
      "feature": 51
   },
   "model": "sequencelistings.qualifier",
   "pk": 81
},
{
   "fields": {
      "qualifierName": "MOL_TYPE",
      "qualifierValue": "protein",
      "feature": 51
   },
   "model": "sequencelistings.qualifier",
   "pk": 82
},
{
   "fields": {
      "qualifierName": "NOTE",
      "qualifierValue": "bound to Lys at position 5 of SEQ ID NO 24 via an amide linkage between the side chain amine of the Lysine and the carboxyl end of the bonded Ala",
      "feature": 52
   },
   "model": "sequencelistings.qualifier",
   "pk": 83
},
{
   "fields": {
      "qualifierName": "ORGANISM",
      "qualifierValue": "Homo sapiens",
      "feature": 53
   },
   "model": "sequencelistings.qualifier",
   "pk": 84
},
{
   "fields": {
      "qualifierName": "MOL_TYPE",
      "qualifierValue": "protein",
      "feature": 53
   },
   "model": "sequencelistings.qualifier",
   "pk": 85
},
{
   "fields": {
      "qualifierName": "NOTE",
      "qualifierValue": "bound to Ala at position 5 of SEQ ID NO 23 via an amide linkage between the side chain amine of the Lys of SEQ ID NO 24 and the carboxyl end of the bonded Ala",
      "feature": 54
   },
   "model": "sequencelistings.qualifier",
   "pk": 86
},
{
   "fields": {
      "qualifierName": "NOTE",
      "qualifierValue": "bound to Lys at position 6 of SEQ ID NO 22 via an amide linkage between the side chain amine of the Lys of SEQ ID NO 24 and the carboxyl end of the bonded Lys of SEQ ID NO 22",
      "feature": 55
   },
   "model": "sequencelistings.qualifier",
   "pk": 87
},
{
   "fields": {
      "qualifierName": "NOTE",
      "qualifierValue": "bound to Lys at position 4 of SEQ ID NO 20 via an amide linkage between the side chain amine of the Lys of SEQ ID NO 24 and the carboxyl end of the bonded Lys",
      "feature": 56
   },
   "model": "sequencelistings.qualifier",
   "pk": 88
},
{
   "fields": {
      "qualifierName": "ORGANISM",
      "qualifierValue": "Homo sapiens",
      "feature": 57
   },
   "model": "sequencelistings.qualifier",
   "pk": 89
},
{
   "fields": {
      "qualifierName": "MOL_TYPE",
      "qualifierValue": "protein",
      "feature": 57
   },
   "model": "sequencelistings.qualifier",
   "pk": 90
},
{
   "fields": {
      "qualifierName": "NOTE",
      "qualifierValue": "bound to Gly at position 5 of SEQ ID NO 26 via a peptide bond between the carboxyl terminus of the Glycine and the amino terminal side chain of the Lysine",
      "feature": 58
   },
   "model": "sequencelistings.qualifier",
   "pk": 91
},
{
   "fields": {
      "qualifierName": "ORGANISM",
      "qualifierValue": "Homo sapiens",
      "feature": 59
   },
   "model": "sequencelistings.qualifier",
   "pk": 92
},
{
   "fields": {
      "qualifierName": "MOL_TYPE",
      "qualifierValue": "protein",
      "feature": 59
   },
   "model": "sequencelistings.qualifier",
   "pk": 93
},
{
   "fields": {
      "qualifierName": "NOTE",
      "qualifierValue": "bound to Lys at position 5 of SEQ ID NO 25 via a peptide bond between the carboxyl terminus of the Glycine and the amino terminal side chain of the Lysine",
      "feature": 60
   },
   "model": "sequencelistings.qualifier",
   "pk": 94
},
{
   "fields": {
      "qualifierName": "note",
      "qualifierValue": "blah",
      "feature": 61
   },
   "model": "sequencelistings.qualifier",
   "pk": 95
},
{
   "fields": {
      "qualifierName": "note",
      "qualifierValue": "test for multiple feature",
      "feature": 62
   },
   "model": "sequencelistings.qualifier",
   "pk": 96
},
{
   "fields": {
      "qualifierName": "note",
      "qualifierValue": "test for multiple feature",
      "feature": 63
   },
   "model": "sequencelistings.qualifier",
   "pk": 97
},
{
   "fields": {
      "qualifierName": "note",
      "qualifierValue": "test for multiple feature",
      "feature": 64
   },
   "model": "sequencelistings.qualifier",
   "pk": 98
},
{
   "fields": {
      "qualifierName": "note",
      "qualifierValue": "test for multiple feature",
      "feature": 65
   },
   "model": "sequencelistings.qualifier",
   "pk": 99
},
{
   "fields": {
      "qualifierName": "note",
      "qualifierValue": "test for multiple feature",
      "feature": 66
   },
   "model": "sequencelistings.qualifier",
   "pk": 100
},
{
   "fields": {
      "qualifierName": "NOTE",
      "qualifierValue": "linked to A from seq.5",
      "feature": 67
   },
   "model": "sequencelistings.qualifier",
   "pk": 101
},
{
   "fields": {
      "qualifierName": "NOTE",
      "qualifierValue": "just testing",
      "feature": 68
   },
   "model": "sequencelistings.qualifier",
   "pk": 102
},
{
   "fields": {
      "qualifierName": "NOTE",
      "qualifierValue": "just testing",
      "feature": 69
   },
   "model": "sequencelistings.qualifier",
   "pk": 103
},
{
   "fields": {
      "qualifierName": "NOTE",
      "qualifierValue": "just testing",
      "feature": 70
   },
   "model": "sequencelistings.qualifier",
   "pk": 104
},
{
   "fields": {
      "qualifierName": "ORGANISM",
      "qualifierValue": "Homo sapiens",
      "feature": 71
   },
   "model": "sequencelistings.qualifier",
   "pk": 105
},
{
   "fields": {
      "qualifierName": "MOL_TYPE",
      "qualifierValue": "protein",
      "feature": 71
   },
   "model": "sequencelistings.qualifier",
   "pk": 106
},
{
   "fields": {
      "qualifierName": "NOTE",
      "qualifierValue": "X can be any amino acid as long as it is the same in all positions",
      "feature": 72
   },
   "model": "sequencelistings.qualifier",
   "pk": 107
},
{
   "fields": {
      "qualifierName": "NOTE",
      "qualifierValue": "X can be any amino acid as long as it is the same in all positions",
      "feature": 73
   },
   "model": "sequencelistings.qualifier",
   "pk": 108
},
{
   "fields": {
      "qualifierName": "NOTE",
      "qualifierValue": "X can be any amino acid as long as it is the same in all positions",
      "feature": 74
   },
   "model": "sequencelistings.qualifier",
   "pk": 109
},
{
   "fields": {
      "qualifierName": "NOTE",
      "qualifierValue": "X can be any amino acid as long as it is the same in all positions",
      "feature": 75
   },
   "model": "sequencelistings.qualifier",
   "pk": 110
},
{
   "fields": {
      "qualifierName": "NOTE",
      "qualifierValue": "X can be any amino acid as long as it is the same in all positions",
      "feature": 76
   },
   "model": "sequencelistings.qualifier",
   "pk": 111
},
{
   "fields": {
      "qualifierName": "NOTE",
      "qualifierValue": "X can be any amino acid as long as it is the same in all positions",
      "feature": 77
   },
   "model": "sequencelistings.qualifier",
   "pk": 112
},
{
   "fields": {
      "qualifierName": "NOTE",
      "qualifierValue": "X can be any amino acid as long as it is the same in all positions",
      "feature": 78
   },
   "model": "sequencelistings.qualifier",
   "pk": 113
},
{
   "fields": {
      "qualifierName": "NOTE",
      "qualifierValue": "X can be any amino acid as long as it is the same in all positions",
      "feature": 79
   },
   "model": "sequencelistings.qualifier",
   "pk": 114
},
{
   "fields": {
      "qualifierName": "NOTE",
      "qualifierValue": "X can be any amino acid as long as it is the same in all positions",
      "feature": 80
   },
   "model": "sequencelistings.qualifier",
   "pk": 115
},
{
   "fields": {
      "qualifierName": "NOTE",
      "qualifierValue": "X can be any amino acid as long as it is the same in all positions",
      "feature": 81
   },
   "model": "sequencelistings.qualifier",
   "pk": 116
},
{
   "fields": {
      "qualifierName": "NOTE",
      "qualifierValue": "X can be any amino acid as long as it is the same in all positions",
      "feature": 82
   },
   "model": "sequencelistings.qualifier",
   "pk": 117
},
{
   "fields": {
      "qualifierName": "NOTE",
      "qualifierValue": "X can be any amino acid as long as it is the same in all positions",
      "feature": 83
   },
   "model": "sequencelistings.qualifier",
   "pk": 118
},
{
   "fields": {
      "qualifierName": "NOTE",
      "qualifierValue": "X can be any amino acid as long as it is the same in all positions",
      "feature": 84
   },
   "model": "sequencelistings.qualifier",
   "pk": 119
},
{
   "fields": {
      "qualifierName": "NOTE",
      "qualifierValue": "X can be any amino acid as long as it is the same in all positions",
      "feature": 85
   },
   "model": "sequencelistings.qualifier",
   "pk": 120
},
{
   "fields": {
      "qualifierName": "NOTE",
      "qualifierValue": "X can be any amino acid as long as it is the same in all positions",
      "feature": 86
   },
   "model": "sequencelistings.qualifier",
   "pk": 121
},
{
   "fields": {
      "qualifierName": "NOTE",
      "qualifierValue": "X can be any amino acid as long as it is the same in all positions",
      "feature": 87
   },
   "model": "sequencelistings.qualifier",
   "pk": 122
},
{
   "fields": {
      "qualifierName": "NOTE",
      "qualifierValue": "X can be any amino acid as long as it is the same in all positions",
      "feature": 88
   },
   "model": "sequencelistings.qualifier",
   "pk": 123
},
{
   "fields": {
      "qualifierName": "NOTE",
      "qualifierValue": "X can be any amino acid as long as it is the same in all positions",
      "feature": 89
   },
   "model": "sequencelistings.qualifier",
   "pk": 124
},
{
   "fields": {
      "qualifierName": "NOTE",
      "qualifierValue": "X can be any amino acid as long as it is the same in all positions",
      "feature": 90
   },
   "model": "sequencelistings.qualifier",
   "pk": 125
},
{
   "fields": {
      "qualifierName": "NOTE",
      "qualifierValue": "X can be any amino acid as long as it is the same in all positions",
      "feature": 91
   },
   "model": "sequencelistings.qualifier",
   "pk": 126
},
{
   "fields": {
      "qualifierName": "NOTE",
      "qualifierValue": "X can be any amino acid as long as it is the same in all positions",
      "feature": 92
   },
   "model": "sequencelistings.qualifier",
   "pk": 127
},
{
   "fields": {
      "qualifierName": "NOTE",
      "qualifierValue": "X can be any amino acid as long as it is the same in all positions",
      "feature": 93
   },
   "model": "sequencelistings.qualifier",
   "pk": 128
},
{
   "fields": {
      "qualifierName": "NOTE",
      "qualifierValue": "X can be any amino acid as long as it is the same in all positions",
      "feature": 94
   },
   "model": "sequencelistings.qualifier",
   "pk": 129
},
{
   "fields": {
      "qualifierName": "NOTE",
      "qualifierValue": "X can be any amino acid as long as it is the same in all positions",
      "feature": 95
   },
   "model": "sequencelistings.qualifier",
   "pk": 130
},
{
   "fields": {
      "qualifierName": "NOTE",
      "qualifierValue": "X can be any amino acid as long as it is the same in all positions",
      "feature": 96
   },
   "model": "sequencelistings.qualifier",
   "pk": 131
},
{
   "fields": {
      "qualifierName": "NOTE",
      "qualifierValue": "X can be any amino acid as long as it is the same in all positions",
      "feature": 97
   },
   "model": "sequencelistings.qualifier",
   "pk": 132
},
{
   "fields": {
      "qualifierName": "ORGANISM",
      "qualifierValue": "Homo sapiens",
      "feature": 98
   },
   "model": "sequencelistings.qualifier",
   "pk": 133
},
{
   "fields": {
      "qualifierName": "MOL_TYPE",
      "qualifierValue": "protein",
      "feature": 98
   },
   "model": "sequencelistings.qualifier",
   "pk": 134
},
{
   "fields": {
      "qualifierName": "NOTE",
      "qualifierValue": "X is any amino acid",
      "feature": 99
   },
   "model": "sequencelistings.qualifier",
   "pk": 135
},
{
   "fields": {
      "qualifierName": "NOTE",
      "qualifierValue": "X is any amino acid",
      "feature": 100
   },
   "model": "sequencelistings.qualifier",
   "pk": 136
},
{
   "fields": {
      "qualifierName": "NOTE",
      "qualifierValue": "X is any amino acid",
      "feature": 101
   },
   "model": "sequencelistings.qualifier",
   "pk": 137
},
{
   "fields": {
      "qualifierName": "NOTE",
      "qualifierValue": "X is any amino acid",
      "feature": 102
   },
   "model": "sequencelistings.qualifier",
   "pk": 138
},
{
   "fields": {
      "qualifierName": "NOTE",
      "qualifierValue": "X is any amino acid",
      "feature": 103
   },
   "model": "sequencelistings.qualifier",
   "pk": 139
},
{
   "fields": {
      "qualifierName": "ORGANISM",
      "qualifierValue": "Homo sapiens",
      "feature": 104
   },
   "model": "sequencelistings.qualifier",
   "pk": 140
},
{
   "fields": {
      "qualifierName": "MOL_TYPE",
      "qualifierValue": "protein",
      "feature": 104
   },
   "model": "sequencelistings.qualifier",
   "pk": 141
},
{
   "fields": {
      "qualifierName": "NOTE",
      "qualifierValue": "X is any amino acid",
      "feature": 105
   },
   "model": "sequencelistings.qualifier",
   "pk": 142
},
{
   "fields": {
      "qualifierName": "NOTE",
      "qualifierValue": "X is any amino acid",
      "feature": 106
   },
   "model": "sequencelistings.qualifier",
   "pk": 143
},
{
   "fields": {
      "qualifierName": "NOTE",
      "qualifierValue": "X is any amino acid",
      "feature": 107
   },
   "model": "sequencelistings.qualifier",
   "pk": 144
},
{
   "fields": {
      "qualifierName": "NOTE",
      "qualifierValue": "X is any amino acid",
      "feature": 108
   },
   "model": "sequencelistings.qualifier",
   "pk": 145
},
{
   "fields": {
      "qualifierName": "NOTE",
      "qualifierValue": "X is any amino acid",
      "feature": 109
   },
   "model": "sequencelistings.qualifier",
   "pk": 146
},
{
   "fields": {
      "qualifierName": "ORGANISM",
      "qualifierValue": "Homo sapiens",
      "feature": 110
   },
   "model": "sequencelistings.qualifier",
   "pk": 147
},
{
   "fields": {
      "qualifierName": "MOL_TYPE",
      "qualifierValue": "protein",
      "feature": 110
   },
   "model": "sequencelistings.qualifier",
   "pk": 148
},
{
   "fields": {
      "qualifierName": "NOTE",
      "qualifierValue": "test with range location",
      "feature": 111
   },
   "model": "sequencelistings.qualifier",
   "pk": 149
},
{
   "fields": {
      "qualifierName": "NOTE",
      "qualifierValue": "test with range location",
      "feature": 112
   },
   "model": "sequencelistings.qualifier",
   "pk": 150
},
{
   "fields": {
      "qualifierName": "NOTE",
      "qualifierValue": "test with range location",
      "feature": 113
   },
   "model": "sequencelistings.qualifier",
   "pk": 151
},
{
   "fields": {
      "qualifierName": "NOTE",
      "qualifierValue": "test with range location",
      "feature": 114
   },
   "model": "sequencelistings.qualifier",
   "pk": 152
},
{
   "fields": {
      "qualifierName": "NOTE",
      "qualifierValue": "test with range location",
      "feature": 115
   },
   "model": "sequencelistings.qualifier",
   "pk": 153
},
{
   "fields": {
      "qualifierName": "NOTE",
      "qualifierValue": "test with range location",
      "feature": 116
   },
   "model": "sequencelistings.qualifier",
   "pk": 154
},
{
   "fields": {
      "qualifierName": "NOTE",
      "qualifierValue": "test with range location",
      "feature": 117
   },
   "model": "sequencelistings.qualifier",
   "pk": 155
},
{
   "fields": {
      "qualifierName": "NOTE",
      "qualifierValue": "test with range location",
      "feature": 118
   },
   "model": "sequencelistings.qualifier",
   "pk": 156
},
{
   "fields": {
      "qualifierName": "NOTE",
      "qualifierValue": "test with range location",
      "feature": 119
   },
   "model": "sequencelistings.qualifier",
   "pk": 157
},
{
   "fields": {
      "qualifierName": "NOTE",
      "qualifierValue": "test with range location",
      "feature": 120
   },
   "model": "sequencelistings.qualifier",
   "pk": 158
},
{
   "fields": {
      "qualifierName": "NOTE",
      "qualifierValue": "test with range location",
      "feature": 121
   },
   "model": "sequencelistings.qualifier",
   "pk": 159
},
{
   "fields": {
      "qualifierName": "NOTE",
      "qualifierValue": "test with range location",
      "feature": 122
   },
   "model": "sequencelistings.qualifier",
   "pk": 160
},
{
   "fields": {
      "qualifierName": "NOTE",
      "qualifierValue": "test with range location",
      "feature": 123
   },
   "model": "sequencelistings.qualifier",
   "pk": 161
},
{
   "fields": {
      "qualifierName": "NOTE",
      "qualifierValue": "test with range location",
      "feature": 124
   },
   "model": "sequencelistings.qualifier",
   "pk": 162
},
{
   "fields": {
      "qualifierName": "NOTE",
      "qualifierValue": "test with range location",
      "feature": 125
   },
   "model": "sequencelistings.qualifier",
   "pk": 163
},
{
   "fields": {
      "qualifierName": "NOTE",
      "qualifierValue": "test with range location",
      "feature": 126
   },
   "model": "sequencelistings.qualifier",
   "pk": 164
},
{
   "fields": {
      "qualifierName": "NOTE",
      "qualifierValue": "test with range location",
      "feature": 127
   },
   "model": "sequencelistings.qualifier",
   "pk": 165
},
{
   "fields": {
      "qualifierName": "NOTE",
      "qualifierValue": "test with range location",
      "feature": 128
   },
   "model": "sequencelistings.qualifier",
   "pk": 166
},
{
   "fields": {
      "qualifierName": "NOTE",
      "qualifierValue": "X can be any amino acid as long as it is the same in all positions",
      "feature": 129
   },
   "model": "sequencelistings.qualifier",
   "pk": 167
},
{
   "fields": {
      "qualifierName": "NOTE",
      "qualifierValue": "X can be any amino acid as long as it is the same in all positions",
      "feature": 130
   },
   "model": "sequencelistings.qualifier",
   "pk": 168
},
{
   "fields": {
      "qualifierName": "NOTE",
      "qualifierValue": "X can be any amino acid as long as it is the same in all positions",
      "feature": 131
   },
   "model": "sequencelistings.qualifier",
   "pk": 169
},
{
   "fields": {
      "qualifierName": "NOTE",
      "qualifierValue": "X can be any amino acid as long as it is the same in all positions",
      "feature": 132
   },
   "model": "sequencelistings.qualifier",
   "pk": 170
},
{
   "fields": {
      "qualifierName": "NOTE",
      "qualifierValue": "X can be any amino acid as long as it is the same in all positions",
      "feature": 133
   },
   "model": "sequencelistings.qualifier",
   "pk": 171
},
{
   "fields": {
      "qualifierName": "NOTE",
      "qualifierValue": "X can be any amino acid as long as it is the same in all positions",
      "feature": 134
   },
   "model": "sequencelistings.qualifier",
   "pk": 172
},
{
   "fields": {
      "qualifierName": "NOTE",
      "qualifierValue": "X can be any amino acid as long as it is the same in all positions",
      "feature": 135
   },
   "model": "sequencelistings.qualifier",
   "pk": 173
},
{
   "fields": {
      "qualifierName": "NOTE",
      "qualifierValue": "X can be any amino acid as long as it is the same in all positions",
      "feature": 136
   },
   "model": "sequencelistings.qualifier",
   "pk": 174
},
{
   "fields": {
      "qualifierName": "NOTE",
      "qualifierValue": "X can be any amino acid as long as it is the same in all positions",
      "feature": 137
   },
   "model": "sequencelistings.qualifier",
   "pk": 175
},
{
   "fields": {
      "qualifierName": "NOTE",
      "qualifierValue": "X can be any amino acid as long as it is the same in all positions",
      "feature": 138
   },
   "model": "sequencelistings.qualifier",
   "pk": 176
},
{
   "fields": {
      "qualifierName": "NOTE",
      "qualifierValue": "X can be any amino acid as long as it is the same in all positions",
      "feature": 139
   },
   "model": "sequencelistings.qualifier",
   "pk": 177
},
{
   "fields": {
      "qualifierName": "NOTE",
      "qualifierValue": "X can be any amino acid as long as it is the same in all positions",
      "feature": 140
   },
   "model": "sequencelistings.qualifier",
   "pk": 178
},
{
   "fields": {
      "qualifierName": "NOTE",
      "qualifierValue": "X can be any amino acid as long as it is the same in all positions",
      "feature": 141
   },
   "model": "sequencelistings.qualifier",
   "pk": 179
},
{
   "fields": {
      "qualifierName": "NOTE",
      "qualifierValue": "X can be any amino acid as long as it is the same in all positions",
      "feature": 142
   },
   "model": "sequencelistings.qualifier",
   "pk": 180
},
{
   "fields": {
      "qualifierName": "NOTE",
      "qualifierValue": "X can be any amino acid as long as it is the same in all positions",
      "feature": 143
   },
   "model": "sequencelistings.qualifier",
   "pk": 181
},
{
   "fields": {
      "qualifierName": "NOTE",
      "qualifierValue": "X can be any amino acid as long as it is the same in all positions",
      "feature": 144
   },
   "model": "sequencelistings.qualifier",
   "pk": 182
},
{
   "fields": {
      "qualifierName": "NOTE",
      "qualifierValue": "X can be any amino acid as long as it is the same in all positions",
      "feature": 145
   },
   "model": "sequencelistings.qualifier",
   "pk": 183
},
{
   "fields": {
      "qualifierName": "NOTE",
      "qualifierValue": "X can be any amino acid as long as it is the same in all positions",
      "feature": 146
   },
   "model": "sequencelistings.qualifier",
   "pk": 184
},
{
   "fields": {
      "qualifierName": "NOTE",
      "qualifierValue": "X can be any amino acid as long as it is the same in all positions",
      "feature": 147
   },
   "model": "sequencelistings.qualifier",
   "pk": 185
},
{
   "fields": {
      "qualifierName": "NOTE",
      "qualifierValue": "X can be any amino acid as long as it is the same in all positions",
      "feature": 148
   },
   "model": "sequencelistings.qualifier",
   "pk": 186
},
{
   "fields": {
      "qualifierName": "NOTE",
      "qualifierValue": "X can be any amino acid as long as it is the same in all positions",
      "feature": 149
   },
   "model": "sequencelistings.qualifier",
   "pk": 187
},
{
   "fields": {
      "qualifierName": "NOTE",
      "qualifierValue": "X can be any amino acid as long as it is the same in all positions",
      "feature": 150
   },
   "model": "sequencelistings.qualifier",
   "pk": 188
},
{
   "fields": {
      "qualifierName": "NOTE",
      "qualifierValue": "X can be any amino acid as long as it is the same in all positions",
      "feature": 151
   },
   "model": "sequencelistings.qualifier",
   "pk": 189
},
{
   "fields": {
      "qualifierName": "NOTE",
      "qualifierValue": "X can be any amino acid as long as it is the same in all positions",
      "feature": 152
   },
   "model": "sequencelistings.qualifier",
   "pk": 190
},
{
   "fields": {
      "qualifierName": "NOTE",
      "qualifierValue": "X can be any amino acid as long as it is the same in all positions",
      "feature": 153
   },
   "model": "sequencelistings.qualifier",
   "pk": 191
},
{
   "fields": {
      "qualifierName": "NOTE",
      "qualifierValue": "X can be any amino acid as long as it is the same in all positions",
      "feature": 154
   },
   "model": "sequencelistings.qualifier",
   "pk": 192
},
{
   "fields": {
      "qualifierName": "NOTE",
      "qualifierValue": "X can be any amino acid as long as it is the same in all positions",
      "feature": 155
   },
   "model": "sequencelistings.qualifier",
   "pk": 193
},
{
   "fields": {
      "qualifierName": "NOTE",
      "qualifierValue": "X can be any amino acid as long as it is the same in all positions",
      "feature": 156
   },
   "model": "sequencelistings.qualifier",
   "pk": 194
},
{
   "fields": {
      "qualifierName": "NOTE",
      "qualifierValue": "X can be any amino acid as long as it is the same in all positions",
      "feature": 157
   },
   "model": "sequencelistings.qualifier",
   "pk": 195
},
{
   "fields": {
      "qualifierName": "NOTE",
      "qualifierValue": "X can be any amino acid as long as it is the same in all positions",
      "feature": 158
   },
   "model": "sequencelistings.qualifier",
   "pk": 196
},
{
   "fields": {
      "qualifierName": "NOTE",
      "qualifierValue": "X can be any amino acid as long as it is the same in all positions",
      "feature": 159
   },
   "model": "sequencelistings.qualifier",
   "pk": 197
},
{
   "fields": {
      "qualifierName": "NOTE",
      "qualifierValue": "X can be any amino acid as long as it is the same in all positions",
      "feature": 160
   },
   "model": "sequencelistings.qualifier",
   "pk": 198
},
{
   "fields": {
      "qualifierName": "NOTE",
      "qualifierValue": "X can be any amino acid as long as it is the same in all positions",
      "feature": 161
   },
   "model": "sequencelistings.qualifier",
   "pk": 199
},
{
   "fields": {
      "qualifierName": "NOTE",
      "qualifierValue": "X can be any amino acid as long as it is the same in all positions",
      "feature": 162
   },
   "model": "sequencelistings.qualifier",
   "pk": 200
},
{
   "fields": {
      "qualifierName": "NOTE",
      "qualifierValue": "X can be any amino acid as long as it is the same in all positions",
      "feature": 163
   },
   "model": "sequencelistings.qualifier",
   "pk": 201
},
{
   "fields": {
      "qualifierName": "NOTE",
      "qualifierValue": "X can be any amino acid as long as it is the same in all positions",
      "feature": 164
   },
   "model": "sequencelistings.qualifier",
   "pk": 202
},
{
   "fields": {
      "qualifierName": "NOTE",
      "qualifierValue": "X can be any amino acid as long as it is the same in all positions",
      "feature": 165
   },
   "model": "sequencelistings.qualifier",
   "pk": 203
},
{
   "fields": {
      "qualifierName": "NOTE",
      "qualifierValue": "X can be any amino acid as long as it is the same in all positions",
      "feature": 166
   },
   "model": "sequencelistings.qualifier",
   "pk": 204
},
{
   "fields": {
      "qualifierName": "NOTE",
      "qualifierValue": "X can be any amino acid as long as it is the same in all positions",
      "feature": 167
   },
   "model": "sequencelistings.qualifier",
   "pk": 205
},
{
   "fields": {
      "qualifierName": "NOTE",
      "qualifierValue": "X can be any amino acid as long as it is the same in all positions",
      "feature": 168
   },
   "model": "sequencelistings.qualifier",
   "pk": 206
},
{
   "fields": {
      "qualifierName": "NOTE",
      "qualifierValue": "X can be any amino acid as long as it is the same in all positions",
      "feature": 169
   },
   "model": "sequencelistings.qualifier",
   "pk": 207
},
{
   "fields": {
      "qualifierName": "NOTE",
      "qualifierValue": "X can be any amino acid as long as it is the same in all positions",
      "feature": 170
   },
   "model": "sequencelistings.qualifier",
   "pk": 208
},
{
   "fields": {
      "qualifierName": "NOTE",
      "qualifierValue": "X can be any amino acid as long as it is the same in all positions",
      "feature": 171
   },
   "model": "sequencelistings.qualifier",
   "pk": 209
},
{
   "fields": {
      "qualifierName": "NOTE",
      "qualifierValue": "X can be any amino acid as long as it is the same in all positions",
      "feature": 172
   },
   "model": "sequencelistings.qualifier",
   "pk": 210
},
{
   "fields": {
      "qualifierName": "NOTE",
      "qualifierValue": "X can be any amino acid as long as it is the same in all positions",
      "feature": 173
   },
   "model": "sequencelistings.qualifier",
   "pk": 211
},
{
   "fields": {
      "qualifierName": "NOTE",
      "qualifierValue": "X can be any amino acid as long as it is the same in all positions",
      "feature": 174
   },
   "model": "sequencelistings.qualifier",
   "pk": 212
},
{
   "fields": {
      "qualifierName": "NOTE",
      "qualifierValue": "X can be any amino acid as long as it is the same in all positions",
      "feature": 175
   },
   "model": "sequencelistings.qualifier",
   "pk": 213
},
{
   "fields": {
      "qualifierName": "NOTE",
      "qualifierValue": "X can be any amino acid as long as it is the same in all positions",
      "feature": 176
   },
   "model": "sequencelistings.qualifier",
   "pk": 214
},
{
   "fields": {
      "qualifierName": "NOTE",
      "qualifierValue": "X can be any amino acid as long as it is the same in all positions",
      "feature": 177
   },
   "model": "sequencelistings.qualifier",
   "pk": 215
},
{
   "fields": {
      "qualifierName": "NOTE",
      "qualifierValue": "X can be any amino acid as long as it is the same in all positions",
      "feature": 178
   },
   "model": "sequencelistings.qualifier",
   "pk": 216
},
{
   "fields": {
      "qualifierName": "NOTE",
      "qualifierValue": "X can be any amino acid as long as it is the same in all positions",
      "feature": 179
   },
   "model": "sequencelistings.qualifier",
   "pk": 217
},
{
   "fields": {
      "qualifierName": "NOTE",
      "qualifierValue": "X can be any amino acid as long as it is the same in all positions",
      "feature": 180
   },
   "model": "sequencelistings.qualifier",
   "pk": 218
},
{
   "fields": {
      "qualifierName": "NOTE",
      "qualifierValue": "X can be any amino acid as long as it is the same in all positions",
      "feature": 181
   },
   "model": "sequencelistings.qualifier",
   "pk": 219
},
{
   "fields": {
      "qualifierName": "NOTE",
      "qualifierValue": "X can be any amino acid as long as it is the same in all positions",
      "feature": 182
   },
   "model": "sequencelistings.qualifier",
   "pk": 220
},
{
   "fields": {
      "qualifierName": "NOTE",
      "qualifierValue": "X can be any amino acid as long as it is the same in all positions",
      "feature": 183
   },
   "model": "sequencelistings.qualifier",
   "pk": 221
},
{
   "fields": {
      "qualifierName": "NOTE",
      "qualifierValue": "X can be any amino acid as long as it is the same in all positions",
      "feature": 184
   },
   "model": "sequencelistings.qualifier",
   "pk": 222
},
{
   "fields": {
      "qualifierName": "NOTE",
      "qualifierValue": "X can be any amino acid as long as it is the same in all positions",
      "feature": 185
   },
   "model": "sequencelistings.qualifier",
   "pk": 223
},
{
   "fields": {
      "qualifierName": "NOTE",
      "qualifierValue": "X can be any amino acid as long as it is the same in all positions",
      "feature": 186
   },
   "model": "sequencelistings.qualifier",
   "pk": 224
},
{
   "fields": {
      "qualifierName": "NOTE",
      "qualifierValue": "X can be any amino acid as long as it is the same in all positions",
      "feature": 187
   },
   "model": "sequencelistings.qualifier",
   "pk": 225
},
{
   "fields": {
      "qualifierName": "NOTE",
      "qualifierValue": "X can be any amino acid as long as it is the same in all positions",
      "feature": 188
   },
   "model": "sequencelistings.qualifier",
   "pk": 226
},
{
   "fields": {
      "qualifierName": "NOTE",
      "qualifierValue": "X can be any amino acid as long as it is the same in all positions",
      "feature": 189
   },
   "model": "sequencelistings.qualifier",
   "pk": 227
},
{
   "fields": {
      "qualifierName": "NOTE",
      "qualifierValue": "X can be any amino acid as long as it is the same in all positions",
      "feature": 190
   },
   "model": "sequencelistings.qualifier",
   "pk": 228
},
{
   "fields": {
      "qualifierName": "NOTE",
      "qualifierValue": "X can be any amino acid as long as it is the same in all positions",
      "feature": 191
   },
   "model": "sequencelistings.qualifier",
   "pk": 229
},
{
   "fields": {
      "qualifierName": "NOTE",
      "qualifierValue": "X can be any amino acid as long as it is the same in all positions",
      "feature": 192
   },
   "model": "sequencelistings.qualifier",
   "pk": 230
},
{
   "fields": {
      "qualifierName": "NOTE",
      "qualifierValue": "X can be any amino acid as long as it is the same in all positions",
      "feature": 193
   },
   "model": "sequencelistings.qualifier",
   "pk": 231
},
{
   "fields": {
      "qualifierName": "NOTE",
      "qualifierValue": "X can be any amino acid as long as it is the same in all positions",
      "feature": 194
   },
   "model": "sequencelistings.qualifier",
   "pk": 232
},
{
   "fields": {
      "qualifierName": "NOTE",
      "qualifierValue": "X can be any amino acid as long as it is the same in all positions",
      "feature": 195
   },
   "model": "sequencelistings.qualifier",
   "pk": 233
},
{
   "fields": {
      "qualifierName": "NOTE",
      "qualifierValue": "X can be any amino acid as long as it is the same in all positions",
      "feature": 196
   },
   "model": "sequencelistings.qualifier",
   "pk": 234
},
{
   "fields": {
      "qualifierName": "NOTE",
      "qualifierValue": "X can be any amino acid as long as it is the same in all positions",
      "feature": 197
   },
   "model": "sequencelistings.qualifier",
   "pk": 235
},
{
   "fields": {
      "qualifierName": "NOTE",
      "qualifierValue": "X can be any amino acid as long as it is the same in all positions",
      "feature": 198
   },
   "model": "sequencelistings.qualifier",
   "pk": 236
},
{
   "fields": {
      "qualifierName": "NOTE",
      "qualifierValue": "X can be any amino acid as long as it is the same in all positions",
      "feature": 199
   },
   "model": "sequencelistings.qualifier",
   "pk": 237
},
{
   "fields": {
      "qualifierName": "NOTE",
      "qualifierValue": "X can be any amino acid as long as it is the same in all positions",
      "feature": 200
   },
   "model": "sequencelistings.qualifier",
   "pk": 238
},
{
   "fields": {
      "qualifierName": "NOTE",
      "qualifierValue": "X can be any amino acid as long as it is the same in all positions",
      "feature": 201
   },
   "model": "sequencelistings.qualifier",
   "pk": 239
},
{
   "fields": {
      "qualifierName": "NOTE",
      "qualifierValue": "X can be any amino acid as long as it is the same in all positions",
      "feature": 202
   },
   "model": "sequencelistings.qualifier",
   "pk": 240
},
{
   "fields": {
      "qualifierName": "NOTE",
      "qualifierValue": "X is any amino acid",
      "feature": 203
   },
   "model": "sequencelistings.qualifier",
   "pk": 241
},
{
   "fields": {
      "qualifierName": "NOTE",
      "qualifierValue": "X is any amino acid",
      "feature": 204
   },
   "model": "sequencelistings.qualifier",
   "pk": 242
},
{
   "fields": {
      "qualifierName": "NOTE",
      "qualifierValue": "X is any amino acid",
      "feature": 205
   },
   "model": "sequencelistings.qualifier",
   "pk": 243
},
{
   "fields": {
      "qualifierName": "NOTE",
      "qualifierValue": "X is any amino acid",
      "feature": 206
   },
   "model": "sequencelistings.qualifier",
   "pk": 244
},
{
   "fields": {
      "qualifierName": "NOTE",
      "qualifierValue": "X is any amino acid",
      "feature": 207
   },
   "model": "sequencelistings.qualifier",
   "pk": 245
},
{
   "fields": {
      "qualifierName": "organism",
      "qualifierValue": "Homo sapiens",
      "feature": 208
   },
   "model": "sequencelistings.qualifier",
   "pk": 246
},
{
   "fields": {
      "qualifierName": "mol_type",
      "qualifierValue": "genomic DNA",
      "feature": 208
   },
   "model": "sequencelistings.qualifier",
   "pk": 247
},
{
   "fields": {
      "qualifierName": "organism",
      "qualifierValue": "Homo sapiens",
      "feature": 209
   },
   "model": "sequencelistings.qualifier",
   "pk": 248
},
{
   "fields": {
      "qualifierName": "mol_type",
      "qualifierValue": "genomic DNA",
      "feature": 209
   },
   "model": "sequencelistings.qualifier",
   "pk": 249
},
{
   "fields": {
      "qualifierName": "organism",
      "qualifierValue": "Homo sapiens",
      "feature": 210
   },
   "model": "sequencelistings.qualifier",
   "pk": 250
},
{
   "fields": {
      "qualifierName": "mol_type",
      "qualifierValue": "genomic DNA",
      "feature": 210
   },
   "model": "sequencelistings.qualifier",
   "pk": 251
},
{
   "fields": {
      "qualifierName": "organism",
      "qualifierValue": "Homo sapiens",
      "feature": 211
   },
   "model": "sequencelistings.qualifier",
   "pk": 252
},
{
   "fields": {
      "qualifierName": "mol_type",
      "qualifierValue": "genomic DNA",
      "feature": 211
   },
   "model": "sequencelistings.qualifier",
   "pk": 253
},
{
   "fields": {
      "qualifierName": "organism",
      "qualifierValue": "Homo sapiens",
      "feature": 212
   },
   "model": "sequencelistings.qualifier",
   "pk": 254
},
{
   "fields": {
      "qualifierName": "mol_type",
      "qualifierValue": "genomic DNA",
      "feature": 212
   },
   "model": "sequencelistings.qualifier",
   "pk": 255
},
{
   "fields": {
      "qualifierName": "organism",
      "qualifierValue": "Homo sapiens",
      "feature": 213
   },
   "model": "sequencelistings.qualifier",
   "pk": 256
},
{
   "fields": {
      "qualifierName": "mol_type",
      "qualifierValue": "genomic DNA",
      "feature": 213
   },
   "model": "sequencelistings.qualifier",
   "pk": 257
},
{
   "fields": {
      "qualifierName": "organism",
      "qualifierValue": "Homo sapiens",
      "feature": 214
   },
   "model": "sequencelistings.qualifier",
   "pk": 258
},
{
   "fields": {
      "qualifierName": "mol_type",
      "qualifierValue": "genomic DNA",
      "feature": 214
   },
   "model": "sequencelistings.qualifier",
   "pk": 259
},
{
   "fields": {
      "qualifierName": "organism",
      "qualifierValue": "Homo sapiens",
      "feature": 216
   },
   "model": "sequencelistings.qualifier",
   "pk": 260
},
{
   "fields": {
      "qualifierName": "mol_type",
      "qualifierValue": "genomic DNA",
      "feature": 216
   },
   "model": "sequencelistings.qualifier",
   "pk": 261
},
{
   "fields": {
      "qualifierName": "organism",
      "qualifierValue": "Homo sapiens",
      "feature": 217
   },
   "model": "sequencelistings.qualifier",
   "pk": 262
},
{
   "fields": {
      "qualifierName": "mol_type",
      "qualifierValue": "genomic DNA",
      "feature": 217
   },
   "model": "sequencelistings.qualifier",
   "pk": 263
},
{
   "fields": {
      "qualifierName": "organism",
      "qualifierValue": "Homo sapiens",
      "feature": 218
   },
   "model": "sequencelistings.qualifier",
   "pk": 264
},
{
   "fields": {
      "qualifierName": "mol_type",
      "qualifierValue": "genomic DNA",
      "feature": 218
   },
   "model": "sequencelistings.qualifier",
   "pk": 265
},
{
   "fields": {
      "qualifierName": "organism",
      "qualifierValue": "Homo sapiens",
      "feature": 219
   },
   "model": "sequencelistings.qualifier",
   "pk": 266
},
{
   "fields": {
      "qualifierName": "mol_type",
      "qualifierValue": "genomic DNA",
      "feature": 219
   },
   "model": "sequencelistings.qualifier",
   "pk": 267
},
{
   "fields": {
      "qualifierName": "organism",
      "qualifierValue": "Homo sapiens",
      "feature": 220
   },
   "model": "sequencelistings.qualifier",
   "pk": 268
},
{
   "fields": {
      "qualifierName": "mol_type",
      "qualifierValue": "other RNA",
      "feature": 220
   },
   "model": "sequencelistings.qualifier",
   "pk": 269
},
{
   "fields": {
      "qualifierName": "ORGANISM",
      "qualifierValue": "Homo sapiens",
      "feature": 228
   },
   "model": "sequencelistings.qualifier",
   "pk": 270
},
{
   "fields": {
      "qualifierName": "MOL_TYPE",
      "qualifierValue": "protein",
      "feature": 228
   },
   "model": "sequencelistings.qualifier",
   "pk": 271
},
{
   "fields": {
      "qualifierName": "NOTE",
      "qualifierValue": "N-acetyl-L-valine",
      "feature": 229
   },
   "model": "sequencelistings.qualifier",
   "pk": 272
},
{
   "fields": {
      "qualifierName": "organism",
      "qualifierValue": "synthetic construct",
      "feature": 231
   },
   "model": "sequencelistings.qualifier",
   "pk": 273
},
{
   "fields": {
      "qualifierName": "mol_type",
      "qualifierValue": "genomic DNA",
      "feature": 231
   },
   "model": "sequencelistings.qualifier",
   "pk": 274
},
{
   "fields": {
      "qualifierName": "note",
      "qualifierValue": "5' phosphorothioate",
      "feature": 232
   },
   "model": "sequencelistings.qualifier",
   "pk": 275
},
{
   "fields": {
      "qualifierName": "organism",
      "qualifierValue": "synthetic construct",
      "feature": 233
   },
   "model": "sequencelistings.qualifier",
   "pk": 276
},
{
   "fields": {
      "qualifierName": "mol_type",
      "qualifierValue": "genomic DNA",
      "feature": 233
   },
   "model": "sequencelistings.qualifier",
   "pk": 277
},
{
   "fields": {
      "qualifierName": "note",
      "qualifierValue": "5' phosphorothioate",
      "feature": 234
   },
   "model": "sequencelistings.qualifier",
   "pk": 278
},
{
   "fields": {
      "qualifierName": "NOTE",
      "qualifierValue": "tryptophan-C-alkyl",
      "feature": 235
   },
   "model": "sequencelistings.qualifier",
   "pk": 279
},
{
   "fields": {
      "qualifierName": "ORGANISM",
      "qualifierValue": "mus",
      "feature": 236
   },
   "model": "sequencelistings.qualifier",
   "pk": 280
},
{
   "fields": {
      "qualifierName": "MOL_TYPE",
      "qualifierValue": "protein",
      "feature": 236
   },
   "model": "sequencelistings.qualifier",
   "pk": 281
},
{
   "fields": {
      "qualifierName": "ORGANISM",
      "qualifierValue": "homo sapiens",
      "feature": 237
   },
   "model": "sequencelistings.qualifier",
   "pk": 282
},
{
   "fields": {
      "qualifierName": "MOL_TYPE",
      "qualifierValue": "protein",
      "feature": 237
   },
   "model": "sequencelistings.qualifier",
   "pk": 283
},
{
   "fields": {
      "qualifierName": "ORGANISM",
      "qualifierValue": "mus",
      "feature": 238
   },
   "model": "sequencelistings.qualifier",
   "pk": 284
},
{
   "fields": {
      "qualifierName": "MOL_TYPE",
      "qualifierValue": "protein",
      "feature": 238
   },
   "model": "sequencelistings.qualifier",
   "pk": 285
},
{
   "fields": {
      "qualifierName": "ORGANISM",
      "qualifierValue": "MUS",
      "feature": 239
   },
   "model": "sequencelistings.qualifier",
   "pk": 286
},
{
   "fields": {
      "qualifierName": "MOL_TYPE",
      "qualifierValue": "protein",
      "feature": 239
   },
   "model": "sequencelistings.qualifier",
   "pk": 287
},
{
   "fields": {
      "qualifierName": "organism",
      "qualifierValue": "mus",
      "feature": 240
   },
   "model": "sequencelistings.qualifier",
   "pk": 288
},
{
   "fields": {
      "qualifierName": "mol_type",
      "qualifierValue": "genomic DNA",
      "feature": 240
   },
   "model": "sequencelistings.qualifier",
   "pk": 289
},
{
   "fields": {
      "qualifierName": "organism",
      "qualifierValue": "mus",
      "feature": 241
   },
   "model": "sequencelistings.qualifier",
   "pk": 290
},
{
   "fields": {
      "qualifierName": "mol_type",
      "qualifierValue": "genomic DNA",
      "feature": 241
   },
   "model": "sequencelistings.qualifier",
   "pk": 291
},
{
   "fields": {
      "qualifierName": "organism",
      "qualifierValue": "hm",
      "feature": 242
   },
   "model": "sequencelistings.qualifier",
   "pk": 292
},
{
   "fields": {
      "qualifierName": "mol_type",
      "qualifierValue": "genomic DNA",
      "feature": 242
   },
   "model": "sequencelistings.qualifier",
   "pk": 293
},
{
   "fields": {
      "qualifierName": "ORGANISM",
      "qualifierValue": "d",
      "feature": 243
   },
   "model": "sequencelistings.qualifier",
   "pk": 294
},
{
   "fields": {
      "qualifierName": "MOL_TYPE",
      "qualifierValue": "protein",
      "feature": 243
   },
   "model": "sequencelistings.qualifier",
   "pk": 295
},
{
   "fields": {
      "qualifierName": "organism",
      "qualifierValue": "m",
      "feature": 244
   },
   "model": "sequencelistings.qualifier",
   "pk": 296
},
{
   "fields": {
      "qualifierName": "mol_type",
      "qualifierValue": "genomic DNA",
      "feature": 244
   },
   "model": "sequencelistings.qualifier",
   "pk": 297
},
{
   "fields": {
      "qualifierName": "ORGANISM",
      "qualifierValue": "h",
      "feature": 245
   },
   "model": "sequencelistings.qualifier",
   "pk": 298
},
{
   "fields": {
      "qualifierName": "MOL_TYPE",
      "qualifierValue": "protein",
      "feature": 245
   },
   "model": "sequencelistings.qualifier",
   "pk": 299
},
{
   "fields": {
      "qualifierName": "organism",
      "qualifierValue": "m",
      "feature": 246
   },
   "model": "sequencelistings.qualifier",
   "pk": 300
},
{
   "fields": {
      "qualifierName": "mol_type",
      "qualifierValue": "genomic DNA",
      "feature": 246
   },
   "model": "sequencelistings.qualifier",
   "pk": 301
},
{
   "fields": {
      "qualifierName": "ORGANISM",
      "qualifierValue": "n",
      "feature": 247
   },
   "model": "sequencelistings.qualifier",
   "pk": 302
},
{
   "fields": {
      "qualifierName": "MOL_TYPE",
      "qualifierValue": "protein",
      "feature": 247
   },
   "model": "sequencelistings.qualifier",
   "pk": 303
},
{
   "fields": {
      "qualifierName": "note",
      "qualifierValue": "test n",
      "feature": 246
   },
   "model": "sequencelistings.qualifier",
   "pk": 304
},
{
   "fields": {
      "qualifierName": "NOTE",
      "qualifierValue": "Ca",
      "feature": 248
   },
   "model": "sequencelistings.qualifier",
   "pk": 305
},
{
   "fields": {
      "qualifierName": "operon",
      "qualifierValue": "test limited choice ok",
      "feature": 249
   },
   "model": "sequencelistings.qualifier",
   "pk": 306
},
{
   "fields": {
      "qualifierName": "gene",
      "qualifierValue": "abcd gene test",
      "feature": 250
   },
   "model": "sequencelistings.qualifier",
   "pk": 307
},
{
   "fields": {
      "qualifierName": "gene",
      "qualifierValue": "abcd test gene",
      "feature": 250
   },
   "model": "sequencelistings.qualifier",
   "pk": 308
},
{
   "fields": {
      "qualifierName": "map",
      "qualifierValue": "test map value",
      "feature": 251
   },
   "model": "sequencelistings.qualifier",
   "pk": 309
},
{
   "fields": {
      "qualifierName": "note",
      "qualifierValue": "some test",
      "feature": 239
   },
   "model": "sequencelistings.qualifier",
   "pk": 310
},
{
   "fields": {
      "qualifierName": "note",
      "qualifierValue": "qual value test",
      "feature": 252
   },
   "model": "sequencelistings.qualifier",
   "pk": 311
},
{
   "fields": {
      "qualifierName": "note",
      "qualifierValue": "qual value test",
      "feature": 253
   },
   "model": "sequencelistings.qualifier",
   "pk": 312
},
{
   "fields": {
      "qualifierName": "note",
      "qualifierValue": "qual value test",
      "feature": 254
   },
   "model": "sequencelistings.qualifier",
   "pk": 313
},
{
   "fields": {
      "qualifierName": "NOTE",
      "qualifierValue": "t",
      "feature": 255
   },
   "model": "sequencelistings.qualifier",
   "pk": 314
},
{
   "fields": {
      "qualifierName": "organism",
      "qualifierValue": "mus",
      "feature": 256
   },
   "model": "sequencelistings.qualifier",
   "pk": 315
},
{
   "fields": {
      "qualifierName": "mol_type",
      "qualifierValue": "genomic DNA",
      "feature": 256
   },
   "model": "sequencelistings.qualifier",
   "pk": 316
},
{
   "fields": {
      "qualifierName": "ORGANISM",
      "qualifierValue": "MUS",
      "feature": 257
   },
   "model": "sequencelistings.qualifier",
   "pk": 317
},
{
   "fields": {
      "qualifierName": "MOL_TYPE",
      "qualifierValue": "protein",
      "feature": 257
   },
   "model": "sequencelistings.qualifier",
   "pk": 318
},
{
   "fields": {
      "qualifierName": "organism",
      "qualifierValue": "m",
      "feature": 258
   },
   "model": "sequencelistings.qualifier",
   "pk": 319
},
{
   "fields": {
      "qualifierName": "mol_type",
      "qualifierValue": "genomic DNA",
      "feature": 258
   },
   "model": "sequencelistings.qualifier",
   "pk": 320
},
{
   "fields": {
      "qualifierName": "organism",
      "qualifierValue": "m",
      "feature": 259
   },
   "model": "sequencelistings.qualifier",
   "pk": 321
},
{
   "fields": {
      "qualifierName": "mol_type",
      "qualifierValue": "genomic DNA",
      "feature": 259
   },
   "model": "sequencelistings.qualifier",
   "pk": 322
},
{
   "fields": {
      "qualifierName": "organism",
      "qualifierValue": "m",
      "feature": 260
   },
   "model": "sequencelistings.qualifier",
   "pk": 323
},
{
   "fields": {
      "qualifierName": "mol_type",
      "qualifierValue": "genomic DNA",
      "feature": 260
   },
   "model": "sequencelistings.qualifier",
   "pk": 324
},
{
   "fields": {
      "qualifierName": "organism",
      "qualifierValue": "mus",
      "feature": 261
   },
   "model": "sequencelistings.qualifier",
   "pk": 325
},
{
   "fields": {
      "qualifierName": "mol_type",
      "qualifierValue": "genomic DNA",
      "feature": 261
   },
   "model": "sequencelistings.qualifier",
   "pk": 326
},
{
   "fields": {
      "qualifierName": "note",
      "qualifierValue": "tac(cat)3gt",
      "feature": 261
   },
   "model": "sequencelistings.qualifier",
   "pk": 327
},
{
   "fields": {
      "qualifierName": "organism",
      "qualifierValue": "mus",
      "feature": 262
   },
   "model": "sequencelistings.qualifier",
   "pk": 328
},
{
   "fields": {
      "qualifierName": "mol_type",
      "qualifierValue": "genomic RNA",
      "feature": 262
   },
   "model": "sequencelistings.qualifier",
   "pk": 329
},
{
   "fields": {
      "qualifierName": "note",
      "qualifierValue": "gac(ucu)4..6acg",
      "feature": 262
   },
   "model": "sequencelistings.qualifier",
   "pk": 330
},
{
   "fields": {
      "qualifierName": "organism",
      "qualifierValue": "m",
      "feature": 263
   },
   "model": "sequencelistings.qualifier",
   "pk": 331
},
{
   "fields": {
      "qualifierName": "mol_type",
      "qualifierValue": "genomic DNA",
      "feature": 263
   },
   "model": "sequencelistings.qualifier",
   "pk": 332
},
{
   "fields": {
      "qualifierName": "note",
      "qualifierValue": "cgt(ta)4.cg",
      "feature": 263
   },
   "model": "sequencelistings.qualifier",
   "pk": 333
},
{
   "fields": {
      "qualifierName": "operon",
      "qualifierValue": "test6",
      "feature": 264
   },
   "model": "sequencelistings.qualifier",
   "pk": 334
},
{
   "fields": {
      "codename": "add_logentry",
      "name": "Can add log entry",
      "content_type": 1
   },
   "model": "auth.permission",
   "pk": 1
},
{
   "fields": {
      "codename": "change_logentry",
      "name": "Can change log entry",
      "content_type": 1
   },
   "model": "auth.permission",
   "pk": 2
},
{
   "fields": {
      "codename": "delete_logentry",
      "name": "Can delete log entry",
      "content_type": 1
   },
   "model": "auth.permission",
   "pk": 3
},
{
   "fields": {
      "codename": "add_permission",
      "name": "Can add permission",
      "content_type": 2
   },
   "model": "auth.permission",
   "pk": 4
},
{
   "fields": {
      "codename": "change_permission",
      "name": "Can change permission",
      "content_type": 2
   },
   "model": "auth.permission",
   "pk": 5
},
{
   "fields": {
      "codename": "delete_permission",
      "name": "Can delete permission",
      "content_type": 2
   },
   "model": "auth.permission",
   "pk": 6
},
{
   "fields": {
      "codename": "add_group",
      "name": "Can add group",
      "content_type": 3
   },
   "model": "auth.permission",
   "pk": 7
},
{
   "fields": {
      "codename": "change_group",
      "name": "Can change group",
      "content_type": 3
   },
   "model": "auth.permission",
   "pk": 8
},
{
   "fields": {
      "codename": "delete_group",
      "name": "Can delete group",
      "content_type": 3
   },
   "model": "auth.permission",
   "pk": 9
},
{
   "fields": {
      "codename": "add_user",
      "name": "Can add user",
      "content_type": 4
   },
   "model": "auth.permission",
   "pk": 10
},
{
   "fields": {
      "codename": "change_user",
      "name": "Can change user",
      "content_type": 4
   },
   "model": "auth.permission",
   "pk": 11
},
{
   "fields": {
      "codename": "delete_user",
      "name": "Can delete user",
      "content_type": 4
   },
   "model": "auth.permission",
   "pk": 12
},
{
   "fields": {
      "codename": "add_contenttype",
      "name": "Can add content type",
      "content_type": 5
   },
   "model": "auth.permission",
   "pk": 13
},
{
   "fields": {
      "codename": "change_contenttype",
      "name": "Can change content type",
      "content_type": 5
   },
   "model": "auth.permission",
   "pk": 14
},
{
   "fields": {
      "codename": "delete_contenttype",
      "name": "Can delete content type",
      "content_type": 5
   },
   "model": "auth.permission",
   "pk": 15
},
{
   "fields": {
      "codename": "add_session",
      "name": "Can add session",
      "content_type": 6
   },
   "model": "auth.permission",
   "pk": 16
},
{
   "fields": {
      "codename": "change_session",
      "name": "Can change session",
      "content_type": 6
   },
   "model": "auth.permission",
   "pk": 17
},
{
   "fields": {
      "codename": "delete_session",
      "name": "Can delete session",
      "content_type": 6
   },
   "model": "auth.permission",
   "pk": 18
},
{
   "fields": {
      "codename": "add_sequencelisting",
      "name": "Can add sequence listing",
      "content_type": 7
   },
   "model": "auth.permission",
   "pk": 19
},
{
   "fields": {
      "codename": "change_sequencelisting",
      "name": "Can change sequence listing",
      "content_type": 7
   },
   "model": "auth.permission",
   "pk": 20
},
{
   "fields": {
      "codename": "delete_sequencelisting",
      "name": "Can delete sequence listing",
      "content_type": 7
   },
   "model": "auth.permission",
   "pk": 21
},
{
   "fields": {
      "codename": "add_title",
      "name": "Can add title",
      "content_type": 8
   },
   "model": "auth.permission",
   "pk": 22
},
{
   "fields": {
      "codename": "change_title",
      "name": "Can change title",
      "content_type": 8
   },
   "model": "auth.permission",
   "pk": 23
},
{
   "fields": {
      "codename": "delete_title",
      "name": "Can delete title",
      "content_type": 8
   },
   "model": "auth.permission",
   "pk": 24
},
{
   "fields": {
      "codename": "add_sequence",
      "name": "Can add sequence",
      "content_type": 9
   },
   "model": "auth.permission",
   "pk": 25
},
{
   "fields": {
      "codename": "change_sequence",
      "name": "Can change sequence",
      "content_type": 9
   },
   "model": "auth.permission",
   "pk": 26
},
{
   "fields": {
      "codename": "delete_sequence",
      "name": "Can delete sequence",
      "content_type": 9
   },
   "model": "auth.permission",
   "pk": 27
},
{
   "fields": {
      "codename": "add_feature",
      "name": "Can add feature",
      "content_type": 10
   },
   "model": "auth.permission",
   "pk": 28
},
{
   "fields": {
      "codename": "change_feature",
      "name": "Can change feature",
      "content_type": 10
   },
   "model": "auth.permission",
   "pk": 29
},
{
   "fields": {
      "codename": "delete_feature",
      "name": "Can delete feature",
      "content_type": 10
   },
   "model": "auth.permission",
   "pk": 30
},
{
   "fields": {
      "codename": "add_qualifier",
      "name": "Can add qualifier",
      "content_type": 11
   },
   "model": "auth.permission",
   "pk": 31
},
{
   "fields": {
      "codename": "change_qualifier",
      "name": "Can change qualifier",
      "content_type": 11
   },
   "model": "auth.permission",
   "pk": 32
},
{
   "fields": {
      "codename": "delete_qualifier",
      "name": "Can delete qualifier",
      "content_type": 11
   },
   "model": "auth.permission",
   "pk": 33
},
{
   "fields": {
      "codename": "add_registrationprofile",
      "name": "Can add registration profile",
      "content_type": 12
   },
   "model": "auth.permission",
   "pk": 34
},
{
   "fields": {
      "codename": "change_registrationprofile",
      "name": "Can change registration profile",
      "content_type": 12
   },
   "model": "auth.permission",
   "pk": 35
},
{
   "fields": {
      "codename": "delete_registrationprofile",
      "name": "Can delete registration profile",
      "content_type": 12
   },
   "model": "auth.permission",
   "pk": 36
},
{
   "fields": {
      "username": "ad",
      "first_name": "",
      "last_name": "",
      "is_active": true,
      "is_superuser": true,
      "is_staff": true,
      "last_login": "2016-02-14T23:15:47.476Z",
      "groups": [],
      "user_permissions": [],
      "password": "pbkdf2_sha256$12000$wqXtwbO1eKAS$EQc72JLh3AquAggobQE8kYKPrcEC8kDAOzntqQjmL4E=",
      "email": "sadrians@gmail.com",
      "date_joined": "2016-01-29T21:30:50.848Z"
   },
   "model": "auth.user",
   "pk": 1
},
{
   "fields": {
      "username": "user1",
      "first_name": "",
      "last_name": "",
      "is_active": true,
      "is_superuser": false,
      "is_staff": false,
      "last_login": "2016-01-30T08:14:46.326Z",
      "groups": [],
      "user_permissions": [],
      "password": "pbkdf2_sha256$12000$ohF5xhGb55TK$91MX//bFhaflOTa9QNDcFu/YIX40cUpuubsd9mgkCx4=",
      "email": "user1@email.com",
      "date_joined": "2016-01-30T07:51:35.108Z"
   },
   "model": "auth.user",
   "pk": 2
},
{
   "fields": {
      "username": "user2",
      "first_name": "",
      "last_name": "",
      "is_active": true,
      "is_superuser": false,
      "is_staff": false,
      "last_login": "2016-01-30T20:16:32.199Z",
      "groups": [],
      "user_permissions": [],
      "password": "pbkdf2_sha256$12000$BK9y2y9taIKu$1c/cW1vgprmJ5WaAUnk/yQqMifTeKYGV+Q5iy5EkCJc=",
      "email": "user2@email.com",
      "date_joined": "2016-01-30T20:16:14.202Z"
   },
   "model": "auth.user",
   "pk": 3
},
{
   "fields": {
      "username": "user3",
      "first_name": "",
      "last_name": "",
      "is_active": true,
      "is_superuser": false,
      "is_staff": false,
      "last_login": "2016-02-03T22:06:02.917Z",
      "groups": [],
      "user_permissions": [],
      "password": "pbkdf2_sha256$12000$wxZNU8g7M2J7$MEmNt/0aWDkbzm3ow7caYOa53LR9gTDuVG5Ryzkc96o=",
      "email": "user3@email.com",
      "date_joined": "2016-01-30T20:27:30.059Z"
   },
   "model": "auth.user",
   "pk": 4
},
{
   "fields": {
      "username": "user4",
      "first_name": "",
      "last_name": "",
      "is_active": true,
      "is_superuser": false,
      "is_staff": false,
      "last_login": "2016-02-18T23:23:28.194Z",
      "groups": [],
      "user_permissions": [],
      "password": "pbkdf2_sha256$12000$D5XlLJWSgKI8$FT44cfTOdLDPCiM9GwQ/smZNXoBpDhcud5aBhvmWolY=",
      "email": "user4@email.com",
      "date_joined": "2016-01-30T20:33:28.012Z"
   },
   "model": "auth.user",
   "pk": 5
},
{
   "fields": {
      "username": "user5",
      "first_name": "",
      "last_name": "",
      "is_active": true,
      "is_superuser": false,
      "is_staff": false,
      "last_login": "2016-01-30T20:34:15.536Z",
      "groups": [],
      "user_permissions": [],
      "password": "pbkdf2_sha256$12000$9jEIjpTZZhgw$3AYvQhJpsumB3NjvZnZ+HNHn8QBzZHUWKvfKIjPV+ks=",
      "email": "user5@email.com",
      "date_joined": "2016-01-30T20:34:15.536Z"
   },
   "model": "auth.user",
   "pk": 6
},
{
   "fields": {
      "username": "user6",
      "first_name": "",
      "last_name": "",
      "is_active": true,
      "is_superuser": false,
      "is_staff": false,
      "last_login": "2016-01-30T21:01:59.901Z",
      "groups": [],
      "user_permissions": [],
      "password": "pbkdf2_sha256$12000$zPRtrYt4zQqN$qjBTyCLaOyknFF6Kc4p9+WjD1hItdPH1nTHEDYwLhIU=",
      "email": "user6@email.com",
      "date_joined": "2016-01-30T20:54:25.690Z"
   },
   "model": "auth.user",
   "pk": 7
},
{
   "fields": {
      "username": "user7",
      "first_name": "",
      "last_name": "",
      "is_active": true,
      "is_superuser": false,
      "is_staff": false,
      "last_login": "2016-01-31T14:31:57.875Z",
      "groups": [],
      "user_permissions": [],
      "password": "pbkdf2_sha256$12000$NTWqPdhSdt0h$f/66msFMCuNFqWem2utB58xJG0dKH/IFUsE+SArXAZo=",
      "email": "user7@email.com",
      "date_joined": "2016-01-30T21:03:04.939Z"
   },
   "model": "auth.user",
   "pk": 8
},
{
   "fields": {
      "username": "user8",
      "first_name": "",
      "last_name": "",
      "is_active": true,
      "is_superuser": false,
      "is_staff": false,
      "last_login": "2016-01-31T10:55:07.069Z",
      "groups": [],
      "user_permissions": [],
      "password": "pbkdf2_sha256$12000$yBLVfVyq7HAJ$k6KEiGwYZaNaHYR9cAeBc8sivjn/gwCe2eu6wiFRNWo=",
      "email": "user8@email.com",
      "date_joined": "2016-01-30T21:09:55.016Z"
   },
   "model": "auth.user",
   "pk": 9
},
{
   "fields": {
      "action_flag": 2,
      "action_time": "2016-01-29T23:05:26.007Z",
      "object_repr": "Sequence listing file1",
      "object_id": "1",
      "change_message": "Changed fileName.",
      "user": 1,
      "content_type": 7
   },
   "model": "admin.logentry",
   "pk": 1
},
{
   "fields": {
      "action_flag": 2,
      "action_time": "2016-01-29T23:05:50.750Z",
      "object_repr": "Sequence listing file2",
      "object_id": "2",
      "change_message": "Changed fileName.",
      "user": 1,
      "content_type": 7
   },
   "model": "admin.logentry",
   "pk": 2
},
{
   "fields": {
      "action_flag": 2,
      "action_time": "2015-04-28T21:24:09.688Z",
      "object_repr": "Sequence listing Invention_SEQL / seq 22 / NON_TER / 6",
      "object_id": "50",
      "change_message": "Changed qualifierValue for qualifier \"Sequence listing Invention_SEQL / seq 22 / NON_TER / 6 / NOTE\".",
      "user": 1,
      "content_type": 10
   },
   "model": "admin.logentry",
   "pk": 3
},
{
   "fields": {
      "action_flag": 2,
      "action_time": "2015-04-28T21:51:08.605Z",
      "object_repr": "Sequence listing Invention_SEQL",
      "object_id": "4",
      "change_message": "Deleted title \"Sequence listing Invention_SEQL / title efg\u30bf\u30f3\u30d1\u30af\u8cea\u306e\u305f\u3081\u306e\u30de\u30a6\u30b9abcd-1\u907a\u4f1d\u5b50 (JA)\".",
      "user": 1,
      "content_type": 7
   },
   "model": "admin.logentry",
   "pk": 4
},
{
   "fields": {
      "action_flag": 2,
      "action_time": "2015-04-28T21:52:15.271Z",
      "object_repr": "Sequence listing Invention_SEQL",
      "object_id": "4",
      "change_message": "Deleted title \"Sequence listing Invention_SEQL / title G\u00e8ne abcd-1 de Mus musculus pour prot\u00e9ine efg (FR)\".",
      "user": 1,
      "content_type": 7
   },
   "model": "admin.logentry",
   "pk": 5
},
{
   "fields": {
      "action_flag": 2,
      "action_time": "2015-04-29T09:01:02.522Z",
      "object_repr": "Sequence listing test1",
      "object_id": "1",
      "change_message": "Deleted title \"Sequence listing test1 / title G\u00e8ne abcd-1 de Mus musculus pour prot\u00e9ine efg (FR)\".",
      "user": 1,
      "content_type": 7
   },
   "model": "admin.logentry",
   "pk": 6
},
{
   "fields": {
      "action_flag": 3,
      "action_time": "2015-05-05T15:27:42.758Z",
      "object_repr": "Sequence listing test_xmlsql",
      "object_id": "8",
      "change_message": "",
      "user": 1,
      "content_type": 7
   },
   "model": "admin.logentry",
   "pk": 7
},
{
   "fields": {
      "action_flag": 3,
      "action_time": "2015-05-05T15:27:42.761Z",
      "object_repr": "Sequence listing test_xmlsql",
      "object_id": "7",
      "change_message": "",
      "user": 1,
      "content_type": 7
   },
   "model": "admin.logentry",
   "pk": 8
},
{
   "fields": {
      "action_flag": 3,
      "action_time": "2015-05-05T15:27:42.765Z",
      "object_repr": "Sequence listing test_xmlsql",
      "object_id": "6",
      "change_message": "",
      "user": 1,
      "content_type": 7
   },
   "model": "admin.logentry",
   "pk": 9
},
{
   "fields": {
      "action_flag": 3,
      "action_time": "2015-05-05T15:27:42.769Z",
      "object_repr": "Sequence listing test_xmlsql",
      "object_id": "5",
      "change_message": "",
      "user": 1,
      "content_type": 7
   },
   "model": "admin.logentry",
   "pk": 10
},
{
   "fields": {
      "action_flag": 2,
      "action_time": "2015-05-06T10:39:04.760Z",
      "object_repr": "Sequence listing Invention_SEQL / seq 16 / VARIANT / 1..400",
      "object_id": "38",
      "change_message": "Changed location. Changed qualifierValue for qualifier \"Sequence listing Invention_SEQL / seq 16 / VARIANT / 1..400 / NOTE\".",
      "user": 1,
      "content_type": 10
   },
   "model": "admin.logentry",
   "pk": 11
},
{
   "fields": {
      "action_flag": 2,
      "action_time": "2015-05-06T10:56:50.507Z",
      "object_repr": "Sequence listing Invention_SEQL / seq 27 / VARIANT /  104",
      "object_id": "97",
      "change_message": "Changed location.",
      "user": 1,
      "content_type": 10
   },
   "model": "admin.logentry",
   "pk": 12
},
{
   "fields": {
      "action_flag": 2,
      "action_time": "2015-05-06T11:07:05.422Z",
      "object_repr": "Sequence listing Invention_SEQL / seq 28 / VARIANT / 2..3",
      "object_id": "99",
      "change_message": "Added qualifier \"Sequence listing Invention_SEQL / seq 28 / VARIANT / 2..3 / NOTE\".",
      "user": 1,
      "content_type": 10
   },
   "model": "admin.logentry",
   "pk": 13
},
{
   "fields": {
      "action_flag": 2,
      "action_time": "2015-05-06T11:12:14.860Z",
      "object_repr": "Sequence listing Invention_SEQL",
      "object_id": "4",
      "change_message": "Changed residues for sequence \"Sequence listing Invention_SEQL / seq 29\".",
      "user": 1,
      "content_type": 7
   },
   "model": "admin.logentry",
   "pk": 14
},
{
   "fields": {
      "action_flag": 2,
      "action_time": "2015-05-06T11:12:58.836Z",
      "object_repr": "Sequence listing Invention_SEQL",
      "object_id": "4",
      "change_message": "Changed length for sequence \"Sequence listing Invention_SEQL / seq 30\".",
      "user": 1,
      "content_type": 7
   },
   "model": "admin.logentry",
   "pk": 15
},
{
   "fields": {
      "action_flag": 2,
      "action_time": "2015-05-06T11:15:09.634Z",
      "object_repr": "Sequence listing Invention_SEQL",
      "object_id": "4",
      "change_message": "Changed sequenceIdNo for sequence \"Sequence listing Invention_SEQL / seq 31\".",
      "user": 1,
      "content_type": 7
   },
   "model": "admin.logentry",
   "pk": 16
},
{
   "fields": {
      "action_flag": 2,
      "action_time": "2015-05-06T11:15:56.990Z",
      "object_repr": "Sequence listing Invention_SEQL",
      "object_id": "4",
      "change_message": "Deleted sequence \"Sequence listing Invention_SEQL / seq 31\".",
      "user": 1,
      "content_type": 7
   },
   "model": "admin.logentry",
   "pk": 17
},
{
   "fields": {
      "action_flag": 2,
      "action_time": "2015-05-06T11:18:41.758Z",
      "object_repr": "Sequence listing Invention_SEQL",
      "object_id": "4",
      "change_message": "Changed sequenceTotalQuantity.",
      "user": 1,
      "content_type": 7
   },
   "model": "admin.logentry",
   "pk": 18
},
{
   "fields": {
      "action_flag": 2,
      "action_time": "2015-05-06T13:56:07.897Z",
      "object_repr": "Sequence listing Invention_SEQL / seq 28 / VARIANT / 2..3",
      "object_id": "99",
      "change_message": "Changed qualifierName and qualifierValue for qualifier \"Sequence listing Invention_SEQL / seq 28 / VARIANT / 2..3 / NOTE\".",
      "user": 1,
      "content_type": 10
   },
   "model": "admin.logentry",
   "pk": 19
},
{
   "fields": {
      "action_flag": 2,
      "action_time": "2015-05-06T13:56:38.432Z",
      "object_repr": "Sequence listing Invention_SEQL / seq 28 / VARIANT / 5..24",
      "object_id": "100",
      "change_message": "Changed qualifierName and qualifierValue for qualifier \"Sequence listing Invention_SEQL / seq 28 / VARIANT / 5..24 / NOTE\".",
      "user": 1,
      "content_type": 10
   },
   "model": "admin.logentry",
   "pk": 20
},
{
   "fields": {
      "action_flag": 2,
      "action_time": "2015-05-07T15:04:20.680Z",
      "object_repr": "Sequence listing Invention_SEQL",
      "object_id": "4",
      "change_message": "Deleted sequence \"Sequence listing Invention_SEQL / seq 35\".",
      "user": 1,
      "content_type": 7
   },
   "model": "admin.logentry",
   "pk": 21
},
{
   "fields": {
      "action_flag": 2,
      "action_time": "2015-05-07T15:04:43.544Z",
      "object_repr": "Sequence listing Invention_SEQL",
      "object_id": "4",
      "change_message": "Changed sequenceTotalQuantity.",
      "user": 1,
      "content_type": 7
   },
   "model": "admin.logentry",
   "pk": 22
},
{
   "fields": {
      "action_flag": 2,
      "action_time": "2015-05-07T15:34:10.064Z",
      "object_repr": "Sequence listing Invention_SEQL / seq 42 / source / 1..85",
      "object_id": "220",
      "change_message": "Changed qualifierValue for qualifier \"Sequence listing Invention_SEQL / seq 42 / source / 1..85 / mol_type\".",
      "user": 1,
      "content_type": 10
   },
   "model": "admin.logentry",
   "pk": 23
},
{
   "fields": {
      "action_flag": 2,
      "action_time": "2015-05-07T15:35:31.978Z",
      "object_repr": "Sequence listing Invention_SEQL",
      "object_id": "4",
      "change_message": "Deleted sequence \"Sequence listing Invention_SEQL / seq 41\". Deleted sequence \"Sequence listing Invention_SEQL / seq 42\".",
      "user": 1,
      "content_type": 7
   },
   "model": "admin.logentry",
   "pk": 24
},
{
   "fields": {
      "action_flag": 2,
      "action_time": "2015-05-07T15:36:11.354Z",
      "object_repr": "Sequence listing Invention_SEQL",
      "object_id": "4",
      "change_message": "Changed sequenceTotalQuantity.",
      "user": 1,
      "content_type": 7
   },
   "model": "admin.logentry",
   "pk": 25
},
{
   "fields": {
      "action_flag": 2,
      "action_time": "2015-05-07T15:38:33.263Z",
      "object_repr": "Sequence listing Invention_SEQL / seq 42 / source / 1..85",
      "object_id": "220",
      "change_message": "Changed qualifierValue for qualifier \"Sequence listing Invention_SEQL / seq 42 / source / 1..85 / mol_type\".",
      "user": 1,
      "content_type": 10
   },
   "model": "admin.logentry",
   "pk": 26
},
{
   "fields": {
      "action_flag": 2,
      "action_time": "2015-05-11T14:01:06.873Z",
      "object_repr": "Sequence listing Invention_SEQL",
      "object_id": "4",
      "change_message": "Changed residues for sequence \"Sequence listing Invention_SEQL / seq 46\".",
      "user": 1,
      "content_type": 7
   },
   "model": "admin.logentry",
   "pk": 27
},
{
   "fields": {
      "action_flag": 2,
      "action_time": "2015-05-11T14:01:49.465Z",
      "object_repr": "Sequence listing Invention_SEQL",
      "object_id": "4",
      "change_message": "Changed sequenceTotalQuantity.",
      "user": 1,
      "content_type": 7
   },
   "model": "admin.logentry",
   "pk": 28
},
{
   "fields": {
      "action_flag": 2,
      "action_time": "2015-05-11T14:04:35.469Z",
      "object_repr": "Sequence listing Invention_SEQL",
      "object_id": "4",
      "change_message": "Changed sequenceTotalQuantity.",
      "user": 1,
      "content_type": 7
   },
   "model": "admin.logentry",
   "pk": 29
},
{
   "fields": {
      "action_flag": 2,
      "action_time": "2015-05-11T14:05:16.334Z",
      "object_repr": "Sequence listing Invention_SEQL",
      "object_id": "4",
      "change_message": "Changed sequenceIdNo for sequence \"Sequence listing Invention_SEQL / seq 42\".",
      "user": 1,
      "content_type": 7
   },
   "model": "admin.logentry",
   "pk": 30
},
{
   "fields": {
      "action_flag": 2,
      "action_time": "2015-05-11T14:05:40.790Z",
      "object_repr": "Sequence listing Invention_SEQL",
      "object_id": "4",
      "change_message": "Changed sequenceTotalQuantity.",
      "user": 1,
      "content_type": 7
   },
   "model": "admin.logentry",
   "pk": 31
},
{
   "fields": {
      "action_flag": 2,
      "action_time": "2015-05-12T11:15:21.443Z",
      "object_repr": "Sequence listing test2",
      "object_id": "2",
      "change_message": "Deleted sequence \"Sequence listing test2 / seq 2\".",
      "user": 1,
      "content_type": 7
   },
   "model": "admin.logentry",
   "pk": 32
},
{
   "fields": {
      "action_flag": 2,
      "action_time": "2015-05-12T11:17:59.871Z",
      "object_repr": "Sequence listing Invention_SEQL",
      "object_id": "4",
      "change_message": "Deleted sequence \"Sequence listing Invention_SEQL / seq 37\".",
      "user": 1,
      "content_type": 7
   },
   "model": "admin.logentry",
   "pk": 33
},
{
   "fields": {
      "action_flag": 3,
      "action_time": "2015-05-12T11:32:36.109Z",
      "object_repr": "Sequence listing Invention_SEQL / seq 42 / SITE / 4",
      "object_id": "230",
      "change_message": "",
      "user": 1,
      "content_type": 10
   },
   "model": "admin.logentry",
   "pk": 34
},
{
   "fields": {
      "action_flag": 2,
      "action_time": "2016-02-03T07:44:50.035Z",
      "object_repr": "Sequence listing Berthold1 / seq 1 / SOURCE / 1..11",
      "object_id": "49",
      "change_message": "Deleted qualifier \"Sequence listing Berthold1 / seq 1 / SOURCE / 1..11 / ORGANISM\". Deleted qualifier \"Sequence listing Berthold1 / seq 1 / SOURCE / 1..11 / MOL_TYPE\".",
      "user": 1,
      "content_type": 10
   },
   "model": "admin.logentry",
   "pk": 35
},
{
   "fields": {
      "action_flag": 2,
      "action_time": "2016-02-03T22:33:43.501Z",
      "object_repr": "Sequence listing Invention_SEQL",
      "object_id": "4",
      "change_message": "Changed sequenceTotalQuantity.",
      "user": 1,
      "content_type": 7
   },
   "model": "admin.logentry",
   "pk": 36
}
]
